DeployID,Ptt,DepthSensor,Source,Instr,HistType,Date,Time Offset,Count,BadTherm,LocationQuality,Latitude,Longitude,NumBins,Sum,Bin1,Bin2,Bin3,Bin4,Bin5,Bin6,Bin7,Bin8,Bin9,Bin10,Bin11,Bin12,Bin13,Bin14,Bin15,Bin16,Bin17,Bin18,Bin19,Bin20,Bin21,Bin22,Bin23,Bin24,Bin25,Bin26,Bin27,Bin28,Bin29,Bin30,Bin31,Bin32,Bin33,Bin34,Bin35,Bin36,Bin37,Bin38,Bin39,Bin40,Bin41,Bin42,Bin43,Bin44,Bin45,Bin46,Bin47,Bin48,Bin49,Bin50,Bin51,Bin52,Bin53,Bin54,Bin55,Bin56,Bin57,Bin58,Bin59,Bin60,Bin61,Bin62,Bin63,Bin64,Bin65,Bin66,Bin67,Bin68,Bin69,Bin70,Bin71,Bin72
47618,47618,0.500000,Transmission,MiniPAT,TATLIMITS,,,,,,,,,,10.000000,12.000000,14.000000,16.000000,18.000000,20.000000,22.000000,24.000000,26.000000,28.000000,30.000000,,,,,,,,,,,,,,,,,,,,,,,,,,,,,,,,,,,,,,,,,,,,,,,,,,,,,,,,,,,,,
47618,47618,0.500000,Transmission,MiniPAT,TAT,08:00:00 02-Feb-2019,0.000000,1,,,,,11,100,0,0,0,0,0,0,0,0,12.2,28.6,59.2,,,,,,,,,,,,,,,,,,,,,,,,,,,,,,,,,,,,,,,,,,,,,,,,,,,,,,,,,,,,,
47618,47618,0.500000,Transmission,MiniPAT,TAT,00:00:00 03-Feb-2019,0.000000,1,,,,,11,100,0,0,0,0,0,0,0,2.0,12.2,66.3,19.4,,,,,,,,,,,,,,,,,,,,,,,,,,,,,,,,,,,,,,,,,,,,,,,,,,,,,,,,,,,,,
47618,47618,0.500000,Transmission,MiniPAT,TAT,00:00:00 04-Feb-2019,0.000000,3,,,,,11,100,0,0,0,0,0,0,0,0,2.0,78.8,19.2,,,,,,,,,,,,,,,,,,,,,,,,,,,,,,,,,,,,,,,,,,,,,,,,,,,,,,,,,,,,,
47618,47618,0.500000,Transmission,MiniPAT,TAT,00:00:00 05-Feb-2019,0.000000,2,,,,,11,100,0,0,0,0,0,0,0,0,1.0,98.0,1.0,,,,,,,,,,,,,,,,,,,,,,,,,,,,,,,,,,,,,,,,,,,,,,,,,,,,,,,,,,,,,
47618,47618,0.500000,Transmission,MiniPAT,TAT,00:00:00 06-Feb-2019,0.000000,6,,,,,11,100,0,0,0,0,0,0,0,0,5.1,79.8,15.2,,,,,,,,,,,,,,,,,,,,,,,,,,,,,,,,,,,,,,,,,,,,,,,,,,,,,,,,,,,,,
47618,47618,0.500000,Transmission,MiniPAT,TAT,00:00:00 07-Feb-2019,0.000000,3,,,,,11,100,0,0,0,0,0,0,0,1.0,5.1,85.9,8.1,,,,,,,,,,,,,,,,,,,,,,,,,,,,,,,,,,,,,,,,,,,,,,,,,,,,,,,,,,,,,
47618,47618,0.500000,Transmission,MiniPAT,TAT,00:00:00 08-Feb-2019,0.000000,3,,,,,11,100,0,0,0,0,0,0,0,1.0,12.1,77.8,9.1,,,,,,,,,,,,,,,,,,,,,,,,,,,,,,,,,,,,,,,,,,,,,,,,,,,,,,,,,,,,,
47618,47618,0.500000,Transmission,MiniPAT,TAT,00:00:00 09-Feb-2019,0.000000,4,,,,,11,100,0,0,0,0,0,0,0,1.0,14.1,26.3,58.6,,,,,,,,,,,,,,,,,,,,,,,,,,,,,,,,,,,,,,,,,,,,,,,,,,,,,,,,,,,,,
47618,47618,0.500000,Transmission,MiniPAT,TAT,00:00:00 10-Feb-2019,0.000000,3,,,,,11,100,0,0,0,1.0,1.0,1.0,1.0,1.0,7.9,32.7,54.5,,,,,,,,,,,,,,,,,,,,,,,,,,,,,,,,,,,,,,,,,,,,,,,,,,,,,,,,,,,,,
47618,47618,0.500000,Transmission,MiniPAT,TAT,00:00:00 11-Feb-2019,0.000000,3,,,,,11,100,0,0,0,0,0,0,0,1,16,26,57,,,,,,,,,,,,,,,,,,,,,,,,,,,,,,,,,,,,,,,,,,,,,,,,,,,,,,,,,,,,,
47618,47618,0.500000,Transmission,MiniPAT,TAT,00:00:00 12-Feb-2019,0.000000,1,,,,,11,100,0,0,0,0,0,0,1.0,1.0,14.1,32.3,51.5,,,,,,,,,,,,,,,,,,,,,,,,,,,,,,,,,,,,,,,,,,,,,,,,,,,,,,,,,,,,,
47618,47618,0.500000,Transmission,MiniPAT,TAT,00:00:00 13-Feb-2019,0.000000,3,,,,,11,100.000000,0,0,0,0,0,0,0,0,10.1,73.7,16.2,,,,,,,,,,,,,,,,,,,,,,,,,,,,,,,,,,,,,,,,,,,,,,,,,,,,,,,,,,,,,
47618,47618,0.500000,Transmission,MiniPAT,TAT,00:00:00 14-Feb-2019,1.000000,1,,,,,11,100,0,0,0,0,0,0,1.0,2.0,9.1,54.5,33.3,,,,,,,,,,,,,,,,,,,,,,,,,,,,,,,,,,,,,,,,,,,,,,,,,,,,,,,,,,,,,
47618,47618,0.500000,Transmission,MiniPAT,TAT,00:00:00 15-Feb-2019,1.000000,2,,,,,11,100,0,1.0,1.0,1.0,1.0,1.0,1.0,1.0,7.8,55.9,29.4,,,,,,,,,,,,,,,,,,,,,,,,,,,,,,,,,,,,,,,,,,,,,,,,,,,,,,,,,,,,,
47618,47618,0.500000,Transmission,MiniPAT,TAT,00:00:00 16-Feb-2019,1.000000,5,,,,,11,100,0,0,0,0,0,1.0,1.0,5.1,11.1,72.7,9.1,,,,,,,,,,,,,,,,,,,,,,,,,,,,,,,,,,,,,,,,,,,,,,,,,,,,,,,,,,,,,
47618,47618,0.500000,Transmission,MiniPAT,TAT,00:00:00 17-Feb-2019,1.000000,3,,,,,11,100,0,0,0,0,0,1.0,2.0,6.1,12.2,28.6,50,,,,,,,,,,,,,,,,,,,,,,,,,,,,,,,,,,,,,,,,,,,,,,,,,,,,,,,,,,,,,
47618,47618,0.500000,Transmission,MiniPAT,TAT,00:00:00 18-Feb-2019,1.000000,2,,,,,11,100,0,0,0,0,0,1.0,1.0,2.0,14.1,42.4,39.4,,,,,,,,,,,,,,,,,,,,,,,,,,,,,,,,,,,,,,,,,,,,,,,,,,,,,,,,,,,,,
47618,47618,0.500000,Transmission,MiniPAT,TAT,00:00:00 19-Feb-2019,1.000000,1,,,,,11,100,0,0,0,0,0,1.0,1.0,1.0,11.2,38.8,46.9,,,,,,,,,,,,,,,,,,,,,,,,,,,,,,,,,,,,,,,,,,,,,,,,,,,,,,,,,,,,,
47618,47618,0.500000,Transmission,MiniPAT,TAT,00:00:00 20-Feb-2019,1.000000,1,,,,,11,100,0,0,1.0,1.0,1.0,1.0,1.0,1.0,4.9,29.4,59.8,,,,,,,,,,,,,,,,,,,,,,,,,,,,,,,,,,,,,,,,,,,,,,,,,,,,,,,,,,,,,
47618,47618,0.500000,Transmission,MiniPAT,TAT,00:00:00 21-Feb-2019,1.000000,2,,,,,11,100,0,0,0,0,0,0,0,1.0,20.4,25.5,53.1,,,,,,,,,,,,,,,,,,,,,,,,,,,,,,,,,,,,,,,,,,,,,,,,,,,,,,,,,,,,,
47618,47618,0.500000,Transmission,MiniPAT,TAT,00:00:00 23-Feb-2019,1.000000,3,,,,,11,100,0,0,0,0,0,0,0,0,12.2,32.7,55.1,,,,,,,,,,,,,,,,,,,,,,,,,,,,,,,,,,,,,,,,,,,,,,,,,,,,,,,,,,,,,
47618,47618,0.500000,Transmission,MiniPAT,TAT,00:00:00 24-Feb-2019,1.000000,3,,,,,11,100,0,0,0,0,0,0,0,0,2.0,24.5,73.5,,,,,,,,,,,,,,,,,,,,,,,,,,,,,,,,,,,,,,,,,,,,,,,,,,,,,,,,,,,,,
47618,47618,0.500000,Transmission,MiniPAT,TAT,00:00:00 25-Feb-2019,1.000000,3,,,,,11,100,0,0,0,0,0,0,0,1.0,2.0,33.3,63.6,,,,,,,,,,,,,,,,,,,,,,,,,,,,,,,,,,,,,,,,,,,,,,,,,,,,,,,,,,,,,
47618,47618,0.500000,Transmission,MiniPAT,TAT,00:00:00 26-Feb-2019,1.000000,3,,,,,11,100,0,0,0,0,0,1.0,1.0,1.0,11.1,31.3,54.5,,,,,,,,,,,,,,,,,,,,,,,,,,,,,,,,,,,,,,,,,,,,,,,,,,,,,,,,,,,,,
47618,47618,0.500000,Transmission,MiniPAT,TAT,00:00:00 27-Feb-2019,1.000000,5,,,,,11,100,0,0,0,0,0,1.0,1.0,1.0,1.0,14.9,81.2,,,,,,,,,,,,,,,,,,,,,,,,,,,,,,,,,,,,,,,,,,,,,,,,,,,,,,,,,,,,,
47618,47618,0.500000,Transmission,MiniPAT,TAT,00:00:00 28-Feb-2019,1.000000,2,,,,,11,100,0,0,0,0,0,0,0,1.0,6.1,24.2,68.7,,,,,,,,,,,,,,,,,,,,,,,,,,,,,,,,,,,,,,,,,,,,,,,,,,,,,,,,,,,,,
47618,47618,0.500000,Transmission,MiniPAT,TAT,00:00:00 01-Mar-2019,1.000000,2,,,,,11,100,0,0,0,1,1,1,1,3,15,27,51,,,,,,,,,,,,,,,,,,,,,,,,,,,,,,,,,,,,,,,,,,,,,,,,,,,,,,,,,,,,,
47618,47618,0.500000,Transmission,MiniPAT,TAT,00:00:00 02-Mar-2019,1.000000,1,,,,,11,100,0,0,0,0,0,0,0,1.0,12.1,35.4,51.5,,,,,,,,,,,,,,,,,,,,,,,,,,,,,,,,,,,,,,,,,,,,,,,,,,,,,,,,,,,,,
47618,47618,0.500000,Transmission,MiniPAT,TAT,00:00:00 03-Mar-2019,1.000000,1,,,,,11,100,0,0,0,0,0,0,0,1,8,30,61,,,,,,,,,,,,,,,,,,,,,,,,,,,,,,,,,,,,,,,,,,,,,,,,,,,,,,,,,,,,,
47618,47618,0.500000,Transmission,MiniPAT,TAT,00:00:00 04-Mar-2019,1.000000,3,,,,,11,100,0,0,0,0,0,0,0,0,1.0,29.3,69.7,,,,,,,,,,,,,,,,,,,,,,,,,,,,,,,,,,,,,,,,,,,,,,,,,,,,,,,,,,,,,
47618,47618,0.500000,Transmission,MiniPAT,TAT,00:00:00 05-Mar-2019,1.000000,2,,,,,11,100,0,0,0,0,0,0,1,1,3,23,72,,,,,,,,,,,,,,,,,,,,,,,,,,,,,,,,,,,,,,,,,,,,,,,,,,,,,,,,,,,,,
47618,47618,0.500000,Transmission,MiniPAT,TAT,00:00:00 06-Mar-2019,1.000000,5,,,,,11,100,0,0,0,0,0,1.0,1.0,2.1,3.1,24.0,68.8,,,,,,,,,,,,,,,,,,,,,,,,,,,,,,,,,,,,,,,,,,,,,,,,,,,,,,,,,,,,,
47618,47618,0.500000,Transmission,MiniPAT,TAT,00:00:00 07-Mar-2019,1.000000,3,,,,,11,100,1.0,1.0,1.0,1.0,1.0,1.0,1.0,1.0,4.9,13.7,73.5,,,,,,,,,,,,,,,,,,,,,,,,,,,,,,,,,,,,,,,,,,,,,,,,,,,,,,,,,,,,,
47618,47618,0.500000,Transmission,MiniPAT,TAT,00:00:00 08-Mar-2019,1.000000,3,,,,,11,100,0,0,0,0,0,0,0,0,1.0,20.2,78.8,,,,,,,,,,,,,,,,,,,,,,,,,,,,,,,,,,,,,,,,,,,,,,,,,,,,,,,,,,,,,
47618,47618,0.500000,Transmission,MiniPAT,TAT,00:00:00 09-Mar-2019,1.000000,3,,,,,11,100,0,0,0,0,0,0,0,0,12.2,77.6,10.2,,,,,,,,,,,,,,,,,,,,,,,,,,,,,,,,,,,,,,,,,,,,,,,,,,,,,,,,,,,,,
47618,47618,0.500000,Transmission,MiniPAT,TAT,00:00:00 10-Mar-2019,1.000000,1,,,,,11,100,0,0,0,0,0,0,0,1.0,5.1,93.9,0,,,,,,,,,,,,,,,,,,,,,,,,,,,,,,,,,,,,,,,,,,,,,,,,,,,,,,,,,,,,,
47618,47618,0.500000,Transmission,MiniPAT,TAT,00:00:00 11-Mar-2019,1.000000,1,,,,,11,100,0,0,0,0,0,0,1.0,2.0,9.1,87.9,0,,,,,,,,,,,,,,,,,,,,,,,,,,,,,,,,,,,,,,,,,,,,,,,,,,,,,,,,,,,,,
47618,47618,0.500000,Transmission,MiniPAT,TAT,00:00:00 12-Mar-2019,1.000000,3,,,,,11,100,0,0,0,0,0,0,1.0,2.0,15.2,81.8,0,,,,,,,,,,,,,,,,,,,,,,,,,,,,,,,,,,,,,,,,,,,,,,,,,,,,,,,,,,,,,
47618,47618,0.500000,Transmission,MiniPAT,TAT,00:00:00 13-Mar-2019,2.000000,3,,,,,11,100,0,0,0,0,0,0,0,1.0,10.1,88.9,0,,,,,,,,,,,,,,,,,,,,,,,,,,,,,,,,,,,,,,,,,,,,,,,,,,,,,,,,,,,,,
47618,47618,0.500000,Transmission,MiniPAT,TAT,00:00:00 14-Mar-2019,2.000000,7,,,,,11,100,0,0,0,0,0,1.0,1.0,7.1,5.1,85.9,0,,,,,,,,,,,,,,,,,,,,,,,,,,,,,,,,,,,,,,,,,,,,,,,,,,,,,,,,,,,,,
47618,47618,0.500000,Transmission,MiniPAT,TAT,00:00:00 15-Mar-2019,2.000000,3,,,,,11,100,0,0,0,0,0,0,1,8,6,85,0,,,,,,,,,,,,,,,,,,,,,,,,,,,,,,,,,,,,,,,,,,,,,,,,,,,,,,,,,,,,,
47618,47618,0.500000,Transmission,MiniPAT,TAT,00:00:00 17-Mar-2019,2.000000,2,,,,,11,100,0,0,0,0,0,1.0,2.0,10.1,14.1,72.7,0,,,,,,,,,,,,,,,,,,,,,,,,,,,,,,,,,,,,,,,,,,,,,,,,,,,,,,,,,,,,,
47618,47618,0.500000,Transmission,MiniPAT,TAT,00:00:00 18-Mar-2019,2.000000,5,,,,,11,100,0,0,0,0,0,0,1,9,11,79,0,,,,,,,,,,,,,,,,,,,,,,,,,,,,,,,,,,,,,,,,,,,,,,,,,,,,,,,,,,,,,
47618,47618,0.500000,Transmission,MiniPAT,TAT,00:00:00 19-Mar-2019,2.000000,3,,,,,11,100,0,0,0,0,0,1.0,1.0,14.1,13.1,70.7,0,,,,,,,,,,,,,,,,,,,,,,,,,,,,,,,,,,,,,,,,,,,,,,,,,,,,,,,,,,,,,
47618,47618,0.500000,Transmission,MiniPAT,TAT,00:00:00 21-Mar-2019,2.000000,3,,,,,11,100,0,0,0,0,0,0,0,1.0,1.0,98.0,0,,,,,,,,,,,,,,,,,,,,,,,,,,,,,,,,,,,,,,,,,,,,,,,,,,,,,,,,,,,,,
47618,47618,0.500000,Transmission,MiniPAT,TAT,00:00:00 22-Mar-2019,2.000000,2,,,,,11,100,0,0,0,0,0,0,1.0,5.1,17.2,76.8,0,,,,,,,,,,,,,,,,,,,,,,,,,,,,,,,,,,,,,,,,,,,,,,,,,,,,,,,,,,,,,
47618,47618,0.500000,Transmission,MiniPAT,TAT,00:00:00 23-Mar-2019,2.000000,3,,,,,11,100,0,0,0,0,0,1.0,3.0,14.1,44.4,37.4,0,,,,,,,,,,,,,,,,,,,,,,,,,,,,,,,,,,,,,,,,,,,,,,,,,,,,,,,,,,,,,
47618,47618,0.500000,Transmission,MiniPAT,TAT,00:00:00 24-Mar-2019,2.000000,3,,,,,11,100,0,0,0,0,0,0,1,5,31,63,0,,,,,,,,,,,,,,,,,,,,,,,,,,,,,,,,,,,,,,,,,,,,,,,,,,,,,,,,,,,,,
47618,47618,0.500000,Transmission,MiniPAT,TAT,00:00:00 25-Mar-2019,2.000000,2,,,,,11,100,0,0,0,0,0,1,1,9,7,82,0,,,,,,,,,,,,,,,,,,,,,,,,,,,,,,,,,,,,,,,,,,,,,,,,,,,,,,,,,,,,,
47618,47618,0.500000,Transmission,MiniPAT,TAT,00:00:00 26-Mar-2019,2.000000,2,,,,,11,100,0,0,0,0,0,1.0,1.0,5.1,9.2,83.7,0,,,,,,,,,,,,,,,,,,,,,,,,,,,,,,,,,,,,,,,,,,,,,,,,,,,,,,,,,,,,,
47618,47618,0.500000,Transmission,MiniPAT,TAT,00:00:00 27-Mar-2019,2.000000,4,,,,,11,100,0,0,0,0,0,1.0,1.0,1.0,5.1,91.8,0,,,,,,,,,,,,,,,,,,,,,,,,,,,,,,,,,,,,,,,,,,,,,,,,,,,,,,,,,,,,,
47618,47618,0.500000,Transmission,MiniPAT,TAT,00:00:00 28-Mar-2019,2.000000,3,,,,,11,100,0,0,0,0,0,1.0,4.1,3.1,8.2,83.7,0,,,,,,,,,,,,,,,,,,,,,,,,,,,,,,,,,,,,,,,,,,,,,,,,,,,,,,,,,,,,,
47618,47618,0.500000,Transmission,MiniPAT,TAT,00:00:00 29-Mar-2019,2.000000,3,,,,,11,100,0,0,0,0,0,0,1.0,1.0,17.3,80.6,0,,,,,,,,,,,,,,,,,,,,,,,,,,,,,,,,,,,,,,,,,,,,,,,,,,,,,,,,,,,,,
47618,47618,0.500000,Transmission,MiniPAT,TAT,00:00:00 30-Mar-2019,2.000000,2,,,,,11,100,1.0,1.0,1.0,1.0,1.0,2.0,3.0,3.0,29.7,57.4,0,,,,,,,,,,,,,,,,,,,,,,,,,,,,,,,,,,,,,,,,,,,,,,,,,,,,,,,,,,,,,
47618,47618,0.500000,Transmission,MiniPAT,TAT,00:00:00 01-Apr-2019,2.000000,2,,,,,11,100,0,0,0,0,0,0,1.0,9.1,89.9,0,0,,,,,,,,,,,,,,,,,,,,,,,,,,,,,,,,,,,,,,,,,,,,,,,,,,,,,,,,,,,,,
47618,47618,0.500000,Transmission,MiniPAT,TAT,00:00:00 02-Apr-2019,2.000000,5,,,,,11,100,0,0,0,0,0,0,1.0,11.2,87.8,0,0,,,,,,,,,,,,,,,,,,,,,,,,,,,,,,,,,,,,,,,,,,,,,,,,,,,,,,,,,,,,,
47618,47618,0.500000,Transmission,MiniPAT,TAT,00:00:00 03-Apr-2019,2.000000,5,,,,,11,100,0,0,0,0,1.0,1.0,3.0,10.1,84.8,0,0,,,,,,,,,,,,,,,,,,,,,,,,,,,,,,,,,,,,,,,,,,,,,,,,,,,,,,,,,,,,,
47618,47618,0.500000,Transmission,MiniPAT,TAT,00:00:00 04-Apr-2019,2.000000,5,,,,,11,100,0,0,0,0,0,1.0,1.0,4.0,94.1,0,0,,,,,,,,,,,,,,,,,,,,,,,,,,,,,,,,,,,,,,,,,,,,,,,,,,,,,,,,,,,,,
47618,47618,0.500000,Transmission,MiniPAT,TAT,00:00:00 05-Apr-2019,2.000000,2,,,,,11,100,0,0,0,0,0,0,1.0,7.1,91.9,0,0,,,,,,,,,,,,,,,,,,,,,,,,,,,,,,,,,,,,,,,,,,,,,,,,,,,,,,,,,,,,,
47618,47618,0.500000,Transmission,MiniPAT,TAT,00:00:00 06-Apr-2019,2.000000,3,,,,,11,100,0,0,0,0,0,1.0,1.0,4.0,93.9,0,0,,,,,,,,,,,,,,,,,,,,,,,,,,,,,,,,,,,,,,,,,,,,,,,,,,,,,,,,,,,,,
47618,47618,0.500000,Transmission,MiniPAT,TAT,00:00:00 07-Apr-2019,2.000000,4,,,,,11,100,0,0,0,0,0,1,1,2,96,0,0,,,,,,,,,,,,,,,,,,,,,,,,,,,,,,,,,,,,,,,,,,,,,,,,,,,,,,,,,,,,,
47618,47618,0.500000,Transmission,MiniPAT,TAT,00:00:00 08-Apr-2019,2.000000,2,,,,,11,100,0,0,0,0,0,0,1.0,1.0,98.0,0,0,,,,,,,,,,,,,,,,,,,,,,,,,,,,,,,,,,,,,,,,,,,,,,,,,,,,,,,,,,,,,
47618,47618,0.500000,Transmission,MiniPAT,TAT,00:00:00 09-Apr-2019,3.000000,3,,,,,11,100,0,0,0,0,0,1.0,1.0,1.0,97.0,0,0,,,,,,,,,,,,,,,,,,,,,,,,,,,,,,,,,,,,,,,,,,,,,,,,,,,,,,,,,,,,,
47618,47618,0.500000,Transmission,MiniPAT,TAT,00:00:00 10-Apr-2019,3.000000,6,,,,,11,100,0,0,0,0,0,1.0,1.0,3.0,95.0,0,0,,,,,,,,,,,,,,,,,,,,,,,,,,,,,,,,,,,,,,,,,,,,,,,,,,,,,,,,,,,,,
47618,47618,0.500000,Transmission,MiniPAT,TAT,00:00:00 11-Apr-2019,3.000000,3,,,,,11,100,0,0,0,0,0,0,0,1,99,0,0,,,,,,,,,,,,,,,,,,,,,,,,,,,,,,,,,,,,,,,,,,,,,,,,,,,,,,,,,,,,,
47618,47618,0.500000,Transmission,MiniPAT,TAT,00:00:00 12-Apr-2019,3.000000,3,,,,,11,100,0,0,0,0,0,0,1,6,93,0,0,,,,,,,,,,,,,,,,,,,,,,,,,,,,,,,,,,,,,,,,,,,,,,,,,,,,,,,,,,,,,
47618,47618,0.500000,Transmission,MiniPAT,TAT,00:00:00 13-Apr-2019,3.000000,3,,,,,11,100,0,0,0,1,1,1,2,2,93,0,0,,,,,,,,,,,,,,,,,,,,,,,,,,,,,,,,,,,,,,,,,,,,,,,,,,,,,,,,,,,,,
47618,47618,0.500000,Transmission,MiniPAT,TAT,00:00:00 14-Apr-2019,3.000000,1,,,,,11,100,0,0,0,0,0,0,1.0,1.0,80.8,17.2,0,,,,,,,,,,,,,,,,,,,,,,,,,,,,,,,,,,,,,,,,,,,,,,,,,,,,,,,,,,,,,
47618,47618,0.500000,Transmission,MiniPAT,TAT,00:00:00 15-Apr-2019,3.000000,2,,,,,11,100,0,0,0,0,0,0,1,13,51,35,0,,,,,,,,,,,,,,,,,,,,,,,,,,,,,,,,,,,,,,,,,,,,,,,,,,,,,,,,,,,,,
47618,47618,0.500000,Transmission,MiniPAT,TAT,00:00:00 16-Apr-2019,3.000000,5,,,,,11,100,0,0,0,0,0,0,1,6,93,0,0,,,,,,,,,,,,,,,,,,,,,,,,,,,,,,,,,,,,,,,,,,,,,,,,,,,,,,,,,,,,,
47618,47618,0.500000,Transmission,MiniPAT,TAT,00:00:00 18-Apr-2019,3.000000,2,,,,,11,100,0,0,0,0,0,0,1.0,11.1,87.9,0,0,,,,,,,,,,,,,,,,,,,,,,,,,,,,,,,,,,,,,,,,,,,,,,,,,,,,,,,,,,,,,
47618,47618,0.500000,Transmission,MiniPAT,TAT,00:00:00 19-Apr-2019,3.000000,5,,,,,11,100,0,0,0,0,0,1,2,16,81,0,0,,,,,,,,,,,,,,,,,,,,,,,,,,,,,,,,,,,,,,,,,,,,,,,,,,,,,,,,,,,,,
47618,47618,0.500000,Transmission,MiniPAT,TAT,00:00:00 20-Apr-2019,3.000000,3,,,,,11,100,0,0,0,0,0,0,2.0,6.1,91.9,0,0,,,,,,,,,,,,,,,,,,,,,,,,,,,,,,,,,,,,,,,,,,,,,,,,,,,,,,,,,,,,,
47618,47618,0.500000,Transmission,MiniPAT,TAT,00:00:00 21-Apr-2019,3.000000,2,,,,,11,100,0,0,0,0,0,0,1,13,86,0,0,,,,,,,,,,,,,,,,,,,,,,,,,,,,,,,,,,,,,,,,,,,,,,,,,,,,,,,,,,,,,
47618,47618,0.500000,Transmission,MiniPAT,TAT,00:00:00 22-Apr-2019,3.000000,1,,,,,11,100,0,0,0,0,0,0,1.0,9.1,89.9,0,0,,,,,,,,,,,,,,,,,,,,,,,,,,,,,,,,,,,,,,,,,,,,,,,,,,,,,,,,,,,,,
47618,47618,0.500000,Transmission,MiniPAT,TAT,00:00:00 23-Apr-2019,3.000000,3,,,,,11,100,0,0,0,0,0,0,1,4,95,0,0,,,,,,,,,,,,,,,,,,,,,,,,,,,,,,,,,,,,,,,,,,,,,,,,,,,,,,,,,,,,,
47618,47618,0.500000,Transmission,MiniPAT,TAT,00:00:00 24-Apr-2019,3.000000,6,,,,,11,100,0,0,0,0,0,1.0,1.0,5.1,92.9,0,0,,,,,,,,,,,,,,,,,,,,,,,,,,,,,,,,,,,,,,,,,,,,,,,,,,,,,,,,,,,,,
47618,47618,0.500000,Transmission,MiniPAT,TAT,00:00:00 25-Apr-2019,3.000000,1,,,,,11,100,0,0,0,0,0,1.0,3.0,5.1,90.9,0,0,,,,,,,,,,,,,,,,,,,,,,,,,,,,,,,,,,,,,,,,,,,,,,,,,,,,,,,,,,,,,
47618,47618,0.500000,Transmission,MiniPAT,TAT,00:00:00 26-Apr-2019,3.000000,1,,,,,11,100,0,0,0,0,0,0,1.0,2.0,96.9,0,0,,,,,,,,,,,,,,,,,,,,,,,,,,,,,,,,,,,,,,,,,,,,,,,,,,,,,,,,,,,,,
47618,47618,0.500000,Transmission,MiniPAT,TAT,00:00:00 27-Apr-2019,3.000000,3,,,,,11,100,0,0,0,0,0,1.0,1.0,4.0,93.9,0,0,,,,,,,,,,,,,,,,,,,,,,,,,,,,,,,,,,,,,,,,,,,,,,,,,,,,,,,,,,,,,
47618,47618,0.500000,Transmission,MiniPAT,TAT,00:00:00 28-Apr-2019,3.000000,5,,,,,11,100,0,0,0,0,0,1.0,1.0,60.6,37.4,0,0,,,,,,,,,,,,,,,,,,,,,,,,,,,,,,,,,,,,,,,,,,,,,,,,,,,,,,,,,,,,,
47618,47618,0.500000,Transmission,MiniPAT,TAT,00:00:00 29-Apr-2019,3.000000,1,,,,,11,100,0,0,0,0,0,0,2.0,98.0,0,0,0,,,,,,,,,,,,,,,,,,,,,,,,,,,,,,,,,,,,,,,,,,,,,,,,,,,,,,,,,,,,,
47618,47618,0.500000,Transmission,MiniPAT,TAT,00:00:00 30-Apr-2019,3.000000,2,,,,,11,100,0,0,0,0,0,1.0,1.0,67.7,30.3,0,0,,,,,,,,,,,,,,,,,,,,,,,,,,,,,,,,,,,,,,,,,,,,,,,,,,,,,,,,,,,,,
47618,47618,0.500000,Transmission,MiniPAT,TAT,00:00:00 01-May-2019,3.000000,2,,,,,11,100,0,0,0,0,0,0,1.0,1.0,98.0,0,0,,,,,,,,,,,,,,,,,,,,,,,,,,,,,,,,,,,,,,,,,,,,,,,,,,,,,,,,,,,,,
47618,47618,0.500000,Transmission,MiniPAT,TAT,00:00:00 02-May-2019,3.000000,5,,,,,11,100,0,1.0,1.0,1.0,1.0,1.0,1.0,1.0,93.1,0,0,,,,,,,,,,,,,,,,,,,,,,,,,,,,,,,,,,,,,,,,,,,,,,,,,,,,,,,,,,,,,
47618,47618,0.500000,Transmission,MiniPAT,TAT,00:00:00 03-May-2019,3.000000,5,,,,,11,100,0,1.0,1.0,1.0,1.0,1.0,1.0,1.0,93.1,0,0,,,,,,,,,,,,,,,,,,,,,,,,,,,,,,,,,,,,,,,,,,,,,,,,,,,,,,,,,,,,,
47618,47618,0.500000,Transmission,MiniPAT,TAT,00:00:00 04-May-2019,3.000000,1,,,,,11,100,0,0,0,0,0,1.0,1.0,2.0,96.0,0,0,,,,,,,,,,,,,,,,,,,,,,,,,,,,,,,,,,,,,,,,,,,,,,,,,,,,,,,,,,,,,
47618,47618,0.500000,Transmission,MiniPAT,TAT,00:00:00 05-May-2019,3.000000,1,,,,,11,100,0,0,0,0,1,1,2,5,91,0,0,,,,,,,,,,,,,,,,,,,,,,,,,,,,,,,,,,,,,,,,,,,,,,,,,,,,,,,,,,,,,
47618,47618,0.500000,Transmission,MiniPAT,TAT,00:00:00 06-May-2019,4.000000,4,,,,,11,100,0,0,0,0,0,1.0,3.1,3.1,92.9,0,0,,,,,,,,,,,,,,,,,,,,,,,,,,,,,,,,,,,,,,,,,,,,,,,,,,,,,,,,,,,,,
47618,47618,0.500000,Transmission,MiniPAT,TAT,00:00:00 07-May-2019,4.000000,2,,,,,11,100,0,0,0,0,0,0,1.0,7.1,91.9,0,0,,,,,,,,,,,,,,,,,,,,,,,,,,,,,,,,,,,,,,,,,,,,,,,,,,,,,,,,,,,,,
47618,47618,0.500000,Transmission,MiniPAT,TAT,00:00:00 08-May-2019,4.000000,5,,,,,11,100,0,0,0,0,0,0,1,17,82,0,0,,,,,,,,,,,,,,,,,,,,,,,,,,,,,,,,,,,,,,,,,,,,,,,,,,,,,,,,,,,,,
47618,47618,0.500000,Transmission,MiniPAT,TAT,00:00:00 09-May-2019,4.000000,2,,,,,11,100,0,0,0,0,0,1.0,1.0,47.5,50.5,0,0,,,,,,,,,,,,,,,,,,,,,,,,,,,,,,,,,,,,,,,,,,,,,,,,,,,,,,,,,,,,,
47618,47618,0.500000,Transmission,MiniPAT,TAT,00:00:00 10-May-2019,4.000000,1,,,,,11,100,0,0,0,0,1,1,2,10,86,0,0,,,,,,,,,,,,,,,,,,,,,,,,,,,,,,,,,,,,,,,,,,,,,,,,,,,,,,,,,,,,,
47618,47618,0.500000,Transmission,MiniPAT,TAT,00:00:00 11-May-2019,4.000000,1,,,,,11,100,0,0,0,0,0,1.0,1.0,5.1,92.9,0,0,,,,,,,,,,,,,,,,,,,,,,,,,,,,,,,,,,,,,,,,,,,,,,,,,,,,,,,,,,,,,
47618,47618,0.500000,Transmission,MiniPAT,TAT,00:00:00 12-May-2019,4.000000,3,,,,,11,100,0,0,0,0,0,1.0,1.0,31.3,66.7,0,0,,,,,,,,,,,,,,,,,,,,,,,,,,,,,,,,,,,,,,,,,,,,,,,,,,,,,,,,,,,,,
47618,47618,0.500000,Transmission,MiniPAT,TAT,00:00:00 13-May-2019,4.000000,2,,,,,11,100,0,0,0,1.0,1.0,1.0,1.0,90.1,5.9,0,0,,,,,,,,,,,,,,,,,,,,,,,,,,,,,,,,,,,,,,,,,,,,,,,,,,,,,,,,,,,,,
47618,47618,0.500000,Transmission,MiniPAT,TAT,00:00:00 15-May-2019,4.000000,5,,,,,11,100,0,0,0,0,0,1.0,1.0,47.5,50.5,0,0,,,,,,,,,,,,,,,,,,,,,,,,,,,,,,,,,,,,,,,,,,,,,,,,,,,,,,,,,,,,,
47618,47618,0.500000,Transmission,MiniPAT,TAT,00:00:00 16-May-2019,4.000000,4,,,,,11,100,0,0,0,0,1.0,1.0,1.0,97.1,0,0,0,,,,,,,,,,,,,,,,,,,,,,,,,,,,,,,,,,,,,,,,,,,,,,,,,,,,,,,,,,,,,
47618,47618,0.500000,Transmission,MiniPAT,TAT,00:00:00 17-May-2019,4.000000,4,,,,,11,100,1.0,1.0,1.0,1.0,1.0,1.0,1.0,77.5,15.7,0,0,,,,,,,,,,,,,,,,,,,,,,,,,,,,,,,,,,,,,,,,,,,,,,,,,,,,,,,,,,,,,
47618,47618,0.500000,Transmission,MiniPAT,TAT,00:00:00 18-May-2019,4.000000,5,,,,,11,100,0,0,0,0,1.0,1.0,1.0,96.0,1.0,0,0,,,,,,,,,,,,,,,,,,,,,,,,,,,,,,,,,,,,,,,,,,,,,,,,,,,,,,,,,,,,,
47618,47618,0.500000,Transmission,MiniPAT,TAT,00:00:00 19-May-2019,4.000000,2,,,,,11,100,0,0,0,0,0,0,1,99,0,0,0,,,,,,,,,,,,,,,,,,,,,,,,,,,,,,,,,,,,,,,,,,,,,,,,,,,,,,,,,,,,,
47618,47618,0.500000,Transmission,MiniPAT,TAT,00:00:00 20-May-2019,4.000000,1,,,,,11,100,0,0,0,0,0,1.0,1.0,98.0,0,0,0,,,,,,,,,,,,,,,,,,,,,,,,,,,,,,,,,,,,,,,,,,,,,,,,,,,,,,,,,,,,,
47618,47618,0.500000,Transmission,MiniPAT,TAT,00:00:00 21-May-2019,4.000000,4,,,,,11,100,0,0,0,0,1.0,1.0,1.0,97.0,0,0,0,,,,,,,,,,,,,,,,,,,,,,,,,,,,,,,,,,,,,,,,,,,,,,,,,,,,,,,,,,,,,
47618,47618,0.500000,Transmission,MiniPAT,TAT,00:00:00 22-May-2019,4.000000,1,,,,,11,100,0,0,0,0,0,1.0,1.0,98.0,0,0,0,,,,,,,,,,,,,,,,,,,,,,,,,,,,,,,,,,,,,,,,,,,,,,,,,,,,,,,,,,,,,
47618,47618,0.500000,Transmission,MiniPAT,TAT,00:00:00 23-May-2019,4.000000,3,,,,,11,100,0,1.0,1.0,1.0,1.0,1.0,1.0,94.1,0,0,0,,,,,,,,,,,,,,,,,,,,,,,,,,,,,,,,,,,,,,,,,,,,,,,,,,,,,,,,,,,,,
47618,47618,0.500000,Transmission,MiniPAT,TAT,00:00:00 24-May-2019,4.000000,2,,,,,11,100,0,0,0,0,1,1,2,96,0,0,0,,,,,,,,,,,,,,,,,,,,,,,,,,,,,,,,,,,,,,,,,,,,,,,,,,,,,,,,,,,,,
47618,47618,0.500000,Transmission,MiniPAT,TAT,00:00:00 25-May-2019,4.000000,1,,,,,11,100,0,0,0,0,0,1,1,98,0,0,0,,,,,,,,,,,,,,,,,,,,,,,,,,,,,,,,,,,,,,,,,,,,,,,,,,,,,,,,,,,,,
47618,47618,0.500000,Transmission,MiniPAT,TAT,00:00:00 26-May-2019,4.000000,5,,,,,11,100,0,0,0,0,0,0,1,99,0,0,0,,,,,,,,,,,,,,,,,,,,,,,,,,,,,,,,,,,,,,,,,,,,,,,,,,,,,,,,,,,,,
47618,47618,0.500000,Transmission,MiniPAT,TAT,00:00:00 27-May-2019,4.000000,2,,,,,11,100,0,0,0,0,0,0,1,99,0,0,0,,,,,,,,,,,,,,,,,,,,,,,,,,,,,,,,,,,,,,,,,,,,,,,,,,,,,,,,,,,,,
47618,47618,0.500000,Transmission,MiniPAT,TAT,00:00:00 28-May-2019,4.000000,3,,,,,11,100,0,0,0,0,1,1,5,93,0,0,0,,,,,,,,,,,,,,,,,,,,,,,,,,,,,,,,,,,,,,,,,,,,,,,,,,,,,,,,,,,,,
47618,47618,0.500000,Transmission,MiniPAT,TAT,00:00:00 29-May-2019,4.000000,3,,,,,11,100,0,0,0,1.0,1.0,1.0,17.8,79.2,0,0,0,,,,,,,,,,,,,,,,,,,,,,,,,,,,,,,,,,,,,,,,,,,,,,,,,,,,,,,,,,,,,
47618,47618,0.500000,Transmission,MiniPAT,TAT,00:00:00 30-May-2019,4.000000,3,,,,,11,100,0,0,0,0,1,1,10,88,0,0,0,,,,,,,,,,,,,,,,,,,,,,,,,,,,,,,,,,,,,,,,,,,,,,,,,,,,,,,,,,,,,
47618,47618,0.500000,Transmission,MiniPAT,TAT,00:00:00 31-May-2019,4.000000,3,,,,,11,100,0,0,0,0,0,1,9,90,0,0,0,,,,,,,,,,,,,,,,,,,,,,,,,,,,,,,,,,,,,,,,,,,,,,,,,,,,,,,,,,,,,
47618,47618,0.500000,Transmission,MiniPAT,TAT,00:00:00 01-Jun-2019,4.000000,5,,,,,11,100,0,0,0,0,0,1.0,1.0,98.0,0,0,0,,,,,,,,,,,,,,,,,,,,,,,,,,,,,,,,,,,,,,,,,,,,,,,,,,,,,,,,,,,,,
47618,47618,0.500000,Transmission,MiniPAT,TAT,00:00:00 02-Jun-2019,5.000000,1,,,,,11,100,0,0,0,0,0,0,1.0,98.0,1.0,0,0,,,,,,,,,,,,,,,,,,,,,,,,,,,,,,,,,,,,,,,,,,,,,,,,,,,,,,,,,,,,,
47618,47618,0.500000,Transmission,MiniPAT,TAT,00:00:00 03-Jun-2019,5.000000,1,,,,,11,100,0,0,0,0,0,0,1,2,97,0,0,,,,,,,,,,,,,,,,,,,,,,,,,,,,,,,,,,,,,,,,,,,,,,,,,,,,,,,,,,,,,
47618,47618,0.500000,Transmission,MiniPAT,TAT,00:00:00 05-Jun-2019,5.000000,4,,,,,11,100,1.0,1.0,1.0,1.0,1.0,1.0,1.0,13.5,79.8,0,0,,,,,,,,,,,,,,,,,,,,,,,,,,,,,,,,,,,,,,,,,,,,,,,,,,,,,,,,,,,,,
47618,47618,0.500000,Transmission,MiniPAT,TAT,00:00:00 06-Jun-2019,5.000000,2,,,,,11,100,0,0,0,0,0,1.0,1.0,4.0,94.1,0,0,,,,,,,,,,,,,,,,,,,,,,,,,,,,,,,,,,,,,,,,,,,,,,,,,,,,,,,,,,,,,
47618,47618,0.500000,Transmission,MiniPAT,TAT,00:00:00 07-Jun-2019,5.000000,2,,,,,11,100,0,0,0,0,0,0,0,2.0,98.0,0,0,,,,,,,,,,,,,,,,,,,,,,,,,,,,,,,,,,,,,,,,,,,,,,,,,,,,,,,,,,,,,
47618,47618,0.500000,Transmission,MiniPAT,TAT,00:00:00 08-Jun-2019,5.000000,4,,,,,11,100,0,0,0,0,0,0,1.0,1.0,98.0,0,0,,,,,,,,,,,,,,,,,,,,,,,,,,,,,,,,,,,,,,,,,,,,,,,,,,,,,,,,,,,,,
47618,47618,0.500000,Transmission,MiniPAT,TAT,00:00:00 09-Jun-2019,5.000000,2,,,,,11,100,0,0,0,0,0,0,1.0,1.0,98.0,0,0,,,,,,,,,,,,,,,,,,,,,,,,,,,,,,,,,,,,,,,,,,,,,,,,,,,,,,,,,,,,,
47618,47618,0.500000,Transmission,MiniPAT,TAT,00:00:00 10-Jun-2019,5.000000,6,,,,,11,100,0,0,0,0,0,1.0,1.0,2.0,84.8,11.1,0,,,,,,,,,,,,,,,,,,,,,,,,,,,,,,,,,,,,,,,,,,,,,,,,,,,,,,,,,,,,,
47618,47618,0.500000,Transmission,MiniPAT,TAT,00:00:00 12-Jun-2019,5.000000,4,,,,,11,100,0,0,0,0,0,0,1.0,2.0,37.4,59.6,0,,,,,,,,,,,,,,,,,,,,,,,,,,,,,,,,,,,,,,,,,,,,,,,,,,,,,,,,,,,,,
47618,47618,0.500000,Transmission,MiniPAT,TAT,00:00:00 13-Jun-2019,5.000000,2,,,,,11,100,0,0,0,0,1.0,1.0,1.0,1.0,92.2,3.9,0,,,,,,,,,,,,,,,,,,,,,,,,,,,,,,,,,,,,,,,,,,,,,,,,,,,,,,,,,,,,,
47618,47618,0.500000,Transmission,MiniPAT,TAT,00:00:00 14-Jun-2019,5.000000,2,,,,,11,100,0,0,0,0,0,0,0,1,99,0,0,,,,,,,,,,,,,,,,,,,,,,,,,,,,,,,,,,,,,,,,,,,,,,,,,,,,,,,,,,,,,
47618,47618,0.500000,Transmission,MiniPAT,TAT,00:00:00 15-Jun-2019,5.000000,1,,,,,11,100,0,0,0,0,0,0,1.0,1.0,93.1,5.0,0,,,,,,,,,,,,,,,,,,,,,,,,,,,,,,,,,,,,,,,,,,,,,,,,,,,,,,,,,,,,,
47618,47618,0.500000,Transmission,MiniPAT,TAT,00:00:00 16-Jun-2019,5.000000,1,,,,,11,100,0,0,0,0,0,0,0,1.0,98.0,1.0,0,,,,,,,,,,,,,,,,,,,,,,,,,,,,,,,,,,,,,,,,,,,,,,,,,,,,,,,,,,,,,
47618,47618,0.500000,Transmission,MiniPAT,TAT,00:00:00 17-Jun-2019,5.000000,3,,,,,11,100,0,0,0,0,0,0,0,1,99,0,0,,,,,,,,,,,,,,,,,,,,,,,,,,,,,,,,,,,,,,,,,,,,,,,,,,,,,,,,,,,,,
47618,47618,0.500000,Transmission,MiniPAT,TAT,00:00:00 18-Jun-2019,5.000000,2,,,,,11,100,0,0,0,0,0,0,0,1.0,99.0,0,0,,,,,,,,,,,,,,,,,,,,,,,,,,,,,,,,,,,,,,,,,,,,,,,,,,,,,,,,,,,,,
47618,47618,0.500000,Transmission,MiniPAT,TAT,00:00:00 19-Jun-2019,5.000000,2,,,,,11,100,0,1.0,1.0,1.0,1.0,1.0,1.0,1.0,93.2,0,0,,,,,,,,,,,,,,,,,,,,,,,,,,,,,,,,,,,,,,,,,,,,,,,,,,,,,,,,,,,,,
47618,47618,0.500000,Transmission,MiniPAT,TAT,00:00:00 20-Jun-2019,5.000000,2,,,,,11,100,0,0,0,0,0,0,0,1.0,99.0,0,0,,,,,,,,,,,,,,,,,,,,,,,,,,,,,,,,,,,,,,,,,,,,,,,,,,,,,,,,,,,,,
47618,47618,0.500000,Transmission,MiniPAT,TAT,00:00:00 21-Jun-2019,5.000000,3,,,,,11,100,1.0,1.0,1.0,1.0,1.0,1.0,1.0,3.8,89.4,0,0,,,,,,,,,,,,,,,,,,,,,,,,,,,,,,,,,,,,,,,,,,,,,,,,,,,,,,,,,,,,,
47618,47618,0.500000,Transmission,MiniPAT,TAT,00:00:00 22-Jun-2019,5.000000,3,,,,,11,100,0,0,0,0,0,0,0,1,99,0,0,,,,,,,,,,,,,,,,,,,,,,,,,,,,,,,,,,,,,,,,,,,,,,,,,,,,,,,,,,,,,
47618,47618,0.500000,Transmission,MiniPAT,TAT,00:00:00 23-Jun-2019,5.000000,3,,,,,11,100,0,0,0,0,0,0,0,1,99,0,0,,,,,,,,,,,,,,,,,,,,,,,,,,,,,,,,,,,,,,,,,,,,,,,,,,,,,,,,,,,,,
47618,47618,0.500000,Transmission,MiniPAT,TAT,00:00:00 25-Jun-2019,5.000000,3,,,,,11,100,0,0,0,0,0,0,0,1,99,0,0,,,,,,,,,,,,,,,,,,,,,,,,,,,,,,,,,,,,,,,,,,,,,,,,,,,,,,,,,,,,,
47618,47618,0.500000,Transmission,MiniPAT,TAT,00:00:00 26-Jun-2019,5.000000,1,,,,,11,100,0,0,0,0,0,0,1,1,98,0,0,,,,,,,,,,,,,,,,,,,,,,,,,,,,,,,,,,,,,,,,,,,,,,,,,,,,,,,,,,,,,
47618,47618,0.500000,Transmission,MiniPAT,TAT,00:00:00 27-Jun-2019,5.000000,3,,,,,11,100,0,0,0,0,0,0,0,1,99,0,0,,,,,,,,,,,,,,,,,,,,,,,,,,,,,,,,,,,,,,,,,,,,,,,,,,,,,,,,,,,,,
47618,47618,0.500000,Transmission,MiniPAT,TAT,00:00:00 28-Jun-2019,6.000000,2,,,,,11,100,0,0,0,0,0,1.0,1.0,1.0,97.0,0,0,,,,,,,,,,,,,,,,,,,,,,,,,,,,,,,,,,,,,,,,,,,,,,,,,,,,,,,,,,,,,
47618,47618,0.500000,Transmission,MiniPAT,TAT,00:00:00 29-Jun-2019,6.000000,3,,,,,11,100,0,0,0,0,0,0,0,1,97,2,0,,,,,,,,,,,,,,,,,,,,,,,,,,,,,,,,,,,,,,,,,,,,,,,,,,,,,,,,,,,,,
47618,47618,0.500000,Transmission,MiniPAT,TAT,00:00:00 30-Jun-2019,6.000000,1,,,,,11,100,0,0,0,0,0,1.0,1.0,1.0,6.9,90.1,0,,,,,,,,,,,,,,,,,,,,,,,,,,,,,,,,,,,,,,,,,,,,,,,,,,,,,,,,,,,,,
47618,47618,0.500000,Transmission,MiniPAT,TAT,00:00:00 01-Jul-2019,6.000000,1,,,,,11,100,0,0,0,0,0,1.0,1.0,1.0,8.9,88.1,0,,,,,,,,,,,,,,,,,,,,,,,,,,,,,,,,,,,,,,,,,,,,,,,,,,,,,,,,,,,,,
47618,47618,0.500000,Transmission,MiniPAT,TAT,00:00:00 02-Jul-2019,6.000000,2,,,,,11,100,0,0,0,0,0,0,1.0,1.0,4.0,94.1,0,,,,,,,,,,,,,,,,,,,,,,,,,,,,,,,,,,,,,,,,,,,,,,,,,,,,,,,,,,,,,
47618,47618,0.500000,Transmission,MiniPAT,TAT,00:00:00 03-Jul-2019,6.000000,1,,,,,11,100,0,0,0,0,0,0,0,1,31,68,0,,,,,,,,,,,,,,,,,,,,,,,,,,,,,,,,,,,,,,,,,,,,,,,,,,,,,,,,,,,,,
47618,47618,0.500000,Transmission,MiniPAT,TAT,00:00:00 05-Jul-2019,6.000000,4,,,,,11,100,0,0,0,0,0,0,0,1,99,0,0,,,,,,,,,,,,,,,,,,,,,,,,,,,,,,,,,,,,,,,,,,,,,,,,,,,,,,,,,,,,,
47618,47618,0.500000,Transmission,MiniPAT,TAT,00:00:00 06-Jul-2019,6.000000,4,,,,,11,100,0,0,0,0,0,0,1.0,1.0,98.0,0,0,,,,,,,,,,,,,,,,,,,,,,,,,,,,,,,,,,,,,,,,,,,,,,,,,,,,,,,,,,,,,
47618,47618,0.500000,Transmission,MiniPAT,TAT,00:00:00 07-Jul-2019,6.000000,5,,,,,11,100,0,0,0,1.0,1.0,1.0,1.0,1.0,95.2,0,0,,,,,,,,,,,,,,,,,,,,,,,,,,,,,,,,,,,,,,,,,,,,,,,,,,,,,,,,,,,,,
47618,47618,0.500000,Transmission,MiniPAT,TAT,00:00:00 08-Jul-2019,6.000000,3,,,,,11,100,0,0,0,0,0,0,0,1,99,0,0,,,,,,,,,,,,,,,,,,,,,,,,,,,,,,,,,,,,,,,,,,,,,,,,,,,,,,,,,,,,,
47618,47618,0.500000,Transmission,MiniPAT,TAT,00:00:00 09-Jul-2019,6.000000,2,,,,,11,100,0,0,0,0,0,0,0,1.0,98.0,1.0,0,,,,,,,,,,,,,,,,,,,,,,,,,,,,,,,,,,,,,,,,,,,,,,,,,,,,,,,,,,,,,
47618,47618,0.500000,Transmission,MiniPAT,TAT,00:00:00 10-Jul-2019,6.000000,2,,,,,11,100,1.0,1.0,1.0,1.0,1.0,1.0,1.0,1.0,91.4,1.0,0,,,,,,,,,,,,,,,,,,,,,,,,,,,,,,,,,,,,,,,,,,,,,,,,,,,,,,,,,,,,,
47618,47618,0.500000,Transmission,MiniPAT,TAT,00:00:00 11-Jul-2019,6.000000,1,,,,,11,100,0,0,0,0,0,1.0,2.0,2.0,83.8,11.1,0,,,,,,,,,,,,,,,,,,,,,,,,,,,,,,,,,,,,,,,,,,,,,,,,,,,,,,,,,,,,,
47618,47618,0.500000,Transmission,MiniPAT,TADLIMITS,,,,,,,,,,10.000000,20.000000,40.000000,60.000000,80.000000,100.000000,150.000000,200.000000,400.000000,800.000000,1000.000000,,,,,,,,,,,,,,,,,,,,,,,,,,,,,,,,,,,,,,,,,,,,,,,,,,,,,,,,,,,,,
47618,47618,0.500000,Transmission,MiniPAT,TAD,08:00:00 02-Feb-2019,0.000000,1,,,,,10,100.000000,33.0,17.5,30.9,11.3,5.2,1.0,1.0,0,0,0,,,,,,,,,,,,,,,,,,,,,,,,,,,,,,,,,,,,,,,,,,,,,,,,,,,,,,,,,,,,,,
47618,47618,0.500000,Transmission,MiniPAT,TAD,00:00:00 03-Feb-2019,0.000000,1,,,,,10,100.000000,13.4,18.6,41.2,14.4,9.3,2.1,1.0,0,0,0,,,,,,,,,,,,,,,,,,,,,,,,,,,,,,,,,,,,,,,,,,,,,,,,,,,,,,,,,,,,,,
47618,47618,0.500000,Transmission,MiniPAT,TAD,00:00:00 04-Feb-2019,0.000000,3,,,,,10,100,32.3,31.3,27.3,8.1,1.0,0,0,0,0,0,,,,,,,,,,,,,,,,,,,,,,,,,,,,,,,,,,,,,,,,,,,,,,,,,,,,,,,,,,,,,,
47618,47618,0.500000,Transmission,MiniPAT,TAD,00:00:00 05-Feb-2019,0.000000,2,,,,,10,100,20.2,20.2,55.6,4.0,0,0,0,0,0,0,,,,,,,,,,,,,,,,,,,,,,,,,,,,,,,,,,,,,,,,,,,,,,,,,,,,,,,,,,,,,,
47618,47618,0.500000,Transmission,MiniPAT,TAD,00:00:00 06-Feb-2019,0.000000,6,,,,,10,100,40.4,24.2,29.3,5.1,1.0,0,0,0,0,0,,,,,,,,,,,,,,,,,,,,,,,,,,,,,,,,,,,,,,,,,,,,,,,,,,,,,,,,,,,,,,
47618,47618,0.500000,Transmission,MiniPAT,TAD,00:00:00 07-Feb-2019,0.000000,3,,,,,10,100.000000,32.7,34.7,24.5,5.1,2.0,1.0,0,0,0,0,,,,,,,,,,,,,,,,,,,,,,,,,,,,,,,,,,,,,,,,,,,,,,,,,,,,,,,,,,,,,,
47618,47618,0.500000,Transmission,MiniPAT,TAD,00:00:00 08-Feb-2019,0.000000,3,,,,,10,100,42.4,20.2,25.3,9.1,1.0,1.0,1.0,0,0,0,,,,,,,,,,,,,,,,,,,,,,,,,,,,,,,,,,,,,,,,,,,,,,,,,,,,,,,,,,,,,,
47618,47618,0.500000,Transmission,MiniPAT,TAD,00:00:00 09-Feb-2019,0.000000,4,,,,,10,100.000000,29.6,22.4,27.6,11.2,6.1,2.0,1.0,0,0,0,,,,,,,,,,,,,,,,,,,,,,,,,,,,,,,,,,,,,,,,,,,,,,,,,,,,,,,,,,,,,,
47618,47618,0.500000,Transmission,MiniPAT,TAD,00:00:00 10-Feb-2019,0.000000,3,,,,,10,100.000000,8.2,19.6,55.7,8.2,2.1,2.1,2.1,1.0,1.0,0,,,,,,,,,,,,,,,,,,,,,,,,,,,,,,,,,,,,,,,,,,,,,,,,,,,,,,,,,,,,,,
47618,47618,0.500000,Transmission,MiniPAT,TAD,00:00:00 11-Feb-2019,0.000000,3,,,,,10,100,5.1,28.6,39.8,21.4,3.1,1.0,1.0,0,0,0,,,,,,,,,,,,,,,,,,,,,,,,,,,,,,,,,,,,,,,,,,,,,,,,,,,,,,,,,,,,,,
47618,47618,0.500000,Transmission,MiniPAT,TAD,00:00:00 12-Feb-2019,0.000000,1,,,,,10,100,5.1,20.2,54.5,14.1,3.0,1.0,1.0,1.0,0,0,,,,,,,,,,,,,,,,,,,,,,,,,,,,,,,,,,,,,,,,,,,,,,,,,,,,,,,,,,,,,,
47618,47618,0.500000,Transmission,MiniPAT,TAD,00:00:00 13-Feb-2019,0.000000,3,,,,,10,100,1.0,7.1,78.6,12.2,1.0,0,0,0,0,0,,,,,,,,,,,,,,,,,,,,,,,,,,,,,,,,,,,,,,,,,,,,,,,,,,,,,,,,,,,,,,
47618,47618,0.500000,Transmission,MiniPAT,TAD,00:00:00 14-Feb-2019,1.000000,1,,,,,10,100,4.0,16.2,48.5,26.3,1.0,1.0,2.0,1.0,0,0,,,,,,,,,,,,,,,,,,,,,,,,,,,,,,,,,,,,,,,,,,,,,,,,,,,,,,,,,,,,,,
47618,47618,0.500000,Transmission,MiniPAT,TAD,00:00:00 15-Feb-2019,1.000000,2,,,,,10,100,14,16,44,20,1,1,1,1,1,1,,,,,,,,,,,,,,,,,,,,,,,,,,,,,,,,,,,,,,,,,,,,,,,,,,,,,,,,,,,,,,
47618,47618,0.500000,Transmission,MiniPAT,TAD,00:00:00 16-Feb-2019,1.000000,5,,,,,10,100,11.2,18.4,44.9,16.3,3.1,2.0,2.0,1.0,1.0,0,,,,,,,,,,,,,,,,,,,,,,,,,,,,,,,,,,,,,,,,,,,,,,,,,,,,,,,,,,,,,,
47618,47618,0.500000,Transmission,MiniPAT,TAD,00:00:00 17-Feb-2019,1.000000,3,,,,,10,100.000000,6.2,11.3,41.2,28.9,4.1,3.1,2.1,2.1,1.0,0,,,,,,,,,,,,,,,,,,,,,,,,,,,,,,,,,,,,,,,,,,,,,,,,,,,,,,,,,,,,,,
47618,47618,0.500000,Transmission,MiniPAT,TAD,00:00:00 18-Feb-2019,1.000000,2,,,,,10,100.000000,1.0,4.1,63.3,24.5,3.1,1.0,1.0,1.0,1.0,0,,,,,,,,,,,,,,,,,,,,,,,,,,,,,,,,,,,,,,,,,,,,,,,,,,,,,,,,,,,,,,
47618,47618,0.500000,Transmission,MiniPAT,TAD,00:00:00 19-Feb-2019,1.000000,1,,,,,10,100.000000,8.2,24.5,45.9,15.3,2.0,1.0,1.0,1.0,1.0,0,,,,,,,,,,,,,,,,,,,,,,,,,,,,,,,,,,,,,,,,,,,,,,,,,,,,,,,,,,,,,,
47618,47618,0.500000,Transmission,MiniPAT,TAD,00:00:00 20-Feb-2019,1.000000,1,,,,,10,100,2,22,65,6,1,1,1,1,1,0,,,,,,,,,,,,,,,,,,,,,,,,,,,,,,,,,,,,,,,,,,,,,,,,,,,,,,,,,,,,,,
47618,47618,0.500000,Transmission,MiniPAT,TAD,00:00:00 21-Feb-2019,1.000000,2,,,,,10,100.000000,13.3,19.4,44.9,14.3,5.1,2.0,1.0,0,0,0,,,,,,,,,,,,,,,,,,,,,,,,,,,,,,,,,,,,,,,,,,,,,,,,,,,,,,,,,,,,,,
47618,47618,0.500000,Transmission,MiniPAT,TAD,00:00:00 23-Feb-2019,1.000000,3,,,,,10,100,1.0,7.1,64.3,25.5,1.0,1.0,0,0,0,0,,,,,,,,,,,,,,,,,,,,,,,,,,,,,,,,,,,,,,,,,,,,,,,,,,,,,,,,,,,,,,
47618,47618,0.500000,Transmission,MiniPAT,TAD,00:00:00 24-Feb-2019,1.000000,3,,,,,10,100.000000,3.1,12.2,72.4,10.2,1.0,1.0,0,0,0,0,,,,,,,,,,,,,,,,,,,,,,,,,,,,,,,,,,,,,,,,,,,,,,,,,,,,,,,,,,,,,,
47618,47618,0.500000,Transmission,MiniPAT,TAD,00:00:00 25-Feb-2019,1.000000,3,,,,,10,100.000000,4.0,21.8,47.5,23.8,1.0,1.0,1.0,0,0,0,,,,,,,,,,,,,,,,,,,,,,,,,,,,,,,,,,,,,,,,,,,,,,,,,,,,,,,,,,,,,,
47618,47618,0.500000,Transmission,MiniPAT,TAD,00:00:00 26-Feb-2019,1.000000,3,,,,,10,100.000000,5.2,11.3,51.5,21.6,5.2,2.1,1.0,1.0,1.0,0,,,,,,,,,,,,,,,,,,,,,,,,,,,,,,,,,,,,,,,,,,,,,,,,,,,,,,,,,,,,,,
47618,47618,0.500000,Transmission,MiniPAT,TAD,00:00:00 27-Feb-2019,1.000000,5,,,,,10,100,2,14,62,17,1,1,1,1,1,0,,,,,,,,,,,,,,,,,,,,,,,,,,,,,,,,,,,,,,,,,,,,,,,,,,,,,,,,,,,,,,
47618,47618,0.500000,Transmission,MiniPAT,TAD,00:00:00 28-Feb-2019,1.000000,2,,,,,10,100,6.2,17.5,67.0,5.2,2.1,1.0,1.0,0,0,0,,,,,,,,,,,,,,,,,,,,,,,,,,,,,,,,,,,,,,,,,,,,,,,,,,,,,,,,,,,,,,
47618,47618,0.500000,Transmission,MiniPAT,TAD,00:00:00 01-Mar-2019,1.000000,2,,,,,10,100,13.7,18.9,41.1,14.7,5.3,3.2,1.1,1.1,1.1,0,,,,,,,,,,,,,,,,,,,,,,,,,,,,,,,,,,,,,,,,,,,,,,,,,,,,,,,,,,,,,,
47618,47618,0.500000,Transmission,MiniPAT,TAD,00:00:00 02-Mar-2019,1.000000,1,,,,,10,100,8.2,13.3,59.2,10.2,6.1,2.0,1.0,0,0,0,,,,,,,,,,,,,,,,,,,,,,,,,,,,,,,,,,,,,,,,,,,,,,,,,,,,,,,,,,,,,,
47618,47618,0.500000,Transmission,MiniPAT,TAD,00:00:00 03-Mar-2019,1.000000,1,,,,,10,100,20.6,20.6,37.1,16.5,3.1,1.0,1.0,0,0,0,,,,,,,,,,,,,,,,,,,,,,,,,,,,,,,,,,,,,,,,,,,,,,,,,,,,,,,,,,,,,,
47618,47618,0.500000,Transmission,MiniPAT,TAD,00:00:00 04-Mar-2019,1.000000,3,,,,,10,100,5,10,59,23,1,1,1,0,0,0,,,,,,,,,,,,,,,,,,,,,,,,,,,,,,,,,,,,,,,,,,,,,,,,,,,,,,,,,,,,,,
47618,47618,0.500000,Transmission,MiniPAT,TAD,00:00:00 05-Mar-2019,1.000000,2,,,,,10,100.000000,7.1,14.3,60.2,13.3,2.0,1.0,1.0,1.0,0,0,,,,,,,,,,,,,,,,,,,,,,,,,,,,,,,,,,,,,,,,,,,,,,,,,,,,,,,,,,,,,,
47618,47618,0.500000,Transmission,MiniPAT,TAD,00:00:00 06-Mar-2019,1.000000,5,,,,,10,100,12.5,8.3,57.3,14.6,1.0,1.0,2.1,1.0,2.1,0,,,,,,,,,,,,,,,,,,,,,,,,,,,,,,,,,,,,,,,,,,,,,,,,,,,,,,,,,,,,,,
47618,47618,0.500000,Transmission,MiniPAT,TAD,00:00:00 07-Mar-2019,1.000000,3,,,,,10,100.000000,14.6,11.5,53.1,13.5,2.1,1.0,1.0,1.0,1.0,1.0,,,,,,,,,,,,,,,,,,,,,,,,,,,,,,,,,,,,,,,,,,,,,,,,,,,,,,,,,,,,,,
47618,47618,0.500000,Transmission,MiniPAT,TAD,00:00:00 08-Mar-2019,1.000000,3,,,,,10,100,38.4,26.3,26.3,8.1,1.0,0,0,0,0,0,,,,,,,,,,,,,,,,,,,,,,,,,,,,,,,,,,,,,,,,,,,,,,,,,,,,,,,,,,,,,,
47618,47618,0.500000,Transmission,MiniPAT,TAD,00:00:00 09-Mar-2019,1.000000,3,,,,,10,100,29.9,19.6,30.9,11.3,7.2,1.0,0,0,0,0,,,,,,,,,,,,,,,,,,,,,,,,,,,,,,,,,,,,,,,,,,,,,,,,,,,,,,,,,,,,,,
47618,47618,0.500000,Transmission,MiniPAT,TAD,00:00:00 10-Mar-2019,1.000000,1,,,,,10,100,45.9,16.3,17.3,18.4,1.0,1.0,0,0,0,0,,,,,,,,,,,,,,,,,,,,,,,,,,,,,,,,,,,,,,,,,,,,,,,,,,,,,,,,,,,,,,
47618,47618,0.500000,Transmission,MiniPAT,TAD,00:00:00 11-Mar-2019,1.000000,1,,,,,10,100,2.0,6.1,58.6,28.3,3.0,1.0,1.0,0,0,0,,,,,,,,,,,,,,,,,,,,,,,,,,,,,,,,,,,,,,,,,,,,,,,,,,,,,,,,,,,,,,
47618,47618,0.500000,Transmission,MiniPAT,TAD,00:00:00 12-Mar-2019,1.000000,3,,,,,10,100,16.3,13.3,32.7,29.6,5.1,1.0,1.0,1.0,0,0,,,,,,,,,,,,,,,,,,,,,,,,,,,,,,,,,,,,,,,,,,,,,,,,,,,,,,,,,,,,,,
47618,47618,0.500000,Transmission,MiniPAT,TAD,00:00:00 13-Mar-2019,2.000000,3,,,,,10,100,20.2,12.1,34.3,28.3,3.0,1.0,1.0,0,0,0,,,,,,,,,,,,,,,,,,,,,,,,,,,,,,,,,,,,,,,,,,,,,,,,,,,,,,,,,,,,,,
47618,47618,0.500000,Transmission,MiniPAT,TAD,00:00:00 14-Mar-2019,2.000000,7,,,,,10,100,25,25,16,20,6,4,2,1,1,0,,,,,,,,,,,,,,,,,,,,,,,,,,,,,,,,,,,,,,,,,,,,,,,,,,,,,,,,,,,,,,
47618,47618,0.500000,Transmission,MiniPAT,TAD,00:00:00 15-Mar-2019,2.000000,3,,,,,10,100,18.6,15.5,28.9,27.8,4.1,4.1,1.0,0,0,0,,,,,,,,,,,,,,,,,,,,,,,,,,,,,,,,,,,,,,,,,,,,,,,,,,,,,,,,,,,,,,
47618,47618,0.500000,Transmission,MiniPAT,TAD,00:00:00 17-Mar-2019,2.000000,2,,,,,10,100.000000,23.7,7.2,20.6,36.1,8.2,1.0,2.1,1.0,0,0,,,,,,,,,,,,,,,,,,,,,,,,,,,,,,,,,,,,,,,,,,,,,,,,,,,,,,,,,,,,,,
47618,47618,0.500000,Transmission,MiniPAT,TAD,00:00:00 18-Mar-2019,2.000000,5,,,,,10,100.000000,23.5,26.5,19.4,22.4,7.1,1.0,0,0,0,0,,,,,,,,,,,,,,,,,,,,,,,,,,,,,,,,,,,,,,,,,,,,,,,,,,,,,,,,,,,,,,
47618,47618,0.500000,Transmission,MiniPAT,TAD,00:00:00 19-Mar-2019,2.000000,3,,,,,10,100,28.3,28.3,9.1,20.2,11.1,1.0,1.0,1.0,0,0,,,,,,,,,,,,,,,,,,,,,,,,,,,,,,,,,,,,,,,,,,,,,,,,,,,,,,,,,,,,,,
47618,47618,0.500000,Transmission,MiniPAT,TAD,00:00:00 21-Mar-2019,2.000000,3,,,,,10,100,58.6,30.3,8.1,2.0,1.0,0,0,0,0,0,,,,,,,,,,,,,,,,,,,,,,,,,,,,,,,,,,,,,,,,,,,,,,,,,,,,,,,,,,,,,,
47618,47618,0.500000,Transmission,MiniPAT,TAD,00:00:00 22-Mar-2019,2.000000,2,,,,,10,100,12.2,40.8,19.4,21.4,5.1,1.0,0,0,0,0,,,,,,,,,,,,,,,,,,,,,,,,,,,,,,,,,,,,,,,,,,,,,,,,,,,,,,,,,,,,,,
47618,47618,0.500000,Transmission,MiniPAT,TAD,00:00:00 23-Mar-2019,2.000000,3,,,,,10,100.000000,20.4,24.5,16.3,24.5,12.2,1.0,1.0,0,0,0,,,,,,,,,,,,,,,,,,,,,,,,,,,,,,,,,,,,,,,,,,,,,,,,,,,,,,,,,,,,,,
47618,47618,0.500000,Transmission,MiniPAT,TAD,00:00:00 24-Mar-2019,2.000000,3,,,,,10,100,44.9,29.6,9.2,15.3,1.0,0,0,0,0,0,,,,,,,,,,,,,,,,,,,,,,,,,,,,,,,,,,,,,,,,,,,,,,,,,,,,,,,,,,,,,,
47618,47618,0.500000,Transmission,MiniPAT,TAD,00:00:00 25-Mar-2019,2.000000,2,,,,,10,100.000000,27.7,37.6,14.9,11.9,4.0,1.0,1.0,1.0,1.0,0,,,,,,,,,,,,,,,,,,,,,,,,,,,,,,,,,,,,,,,,,,,,,,,,,,,,,,,,,,,,,,
47618,47618,0.500000,Transmission,MiniPAT,TAD,00:00:00 26-Mar-2019,2.000000,2,,,,,10,100.000000,20.4,38.8,25.5,10.2,2.0,1.0,1.0,1.0,0,0,,,,,,,,,,,,,,,,,,,,,,,,,,,,,,,,,,,,,,,,,,,,,,,,,,,,,,,,,,,,,,
47618,47618,0.500000,Transmission,MiniPAT,TAD,00:00:00 27-Mar-2019,2.000000,4,,,,,10,100,40.4,10.1,36.4,9.1,1.0,1.0,1.0,1.0,0,0,,,,,,,,,,,,,,,,,,,,,,,,,,,,,,,,,,,,,,,,,,,,,,,,,,,,,,,,,,,,,,
47618,47618,0.500000,Transmission,MiniPAT,TAD,00:00:00 28-Mar-2019,2.000000,3,,,,,10,100,10.2,16.3,50,16.3,2.0,2.0,2.0,1.0,0,0,,,,,,,,,,,,,,,,,,,,,,,,,,,,,,,,,,,,,,,,,,,,,,,,,,,,,,,,,,,,,,
47618,47618,0.500000,Transmission,MiniPAT,TAD,00:00:00 29-Mar-2019,2.000000,3,,,,,10,100.000000,27.6,5.1,30.6,33.7,1.0,1.0,1.0,0,0,0,,,,,,,,,,,,,,,,,,,,,,,,,,,,,,,,,,,,,,,,,,,,,,,,,,,,,,,,,,,,,,
47618,47618,0.500000,Transmission,MiniPAT,TAD,00:00:00 30-Mar-2019,2.000000,2,,,,,10,100.000000,21.9,4.2,29.2,36.5,2.1,1.0,2.1,1.0,1.0,1.0,,,,,,,,,,,,,,,,,,,,,,,,,,,,,,,,,,,,,,,,,,,,,,,,,,,,,,,,,,,,,,
47618,47618,0.500000,Transmission,MiniPAT,TAD,00:00:00 01-Apr-2019,2.000000,2,,,,,10,100,31.3,4.0,4.0,22.2,36.4,1.0,1.0,0,0,0,,,,,,,,,,,,,,,,,,,,,,,,,,,,,,,,,,,,,,,,,,,,,,,,,,,,,,,,,,,,,,
47618,47618,0.500000,Transmission,MiniPAT,TAD,00:00:00 02-Apr-2019,2.000000,5,,,,,10,100,20.2,23.2,16.2,21.2,16.2,2.0,1.0,0,0,0,,,,,,,,,,,,,,,,,,,,,,,,,,,,,,,,,,,,,,,,,,,,,,,,,,,,,,,,,,,,,,
47618,47618,0.500000,Transmission,MiniPAT,TAD,00:00:00 03-Apr-2019,2.000000,5,,,,,10,100.000000,24.0,19.8,8.3,25,11.5,6.3,3.1,1.0,1.0,0,,,,,,,,,,,,,,,,,,,,,,,,,,,,,,,,,,,,,,,,,,,,,,,,,,,,,,,,,,,,,,
47618,47618,0.500000,Transmission,MiniPAT,TAD,00:00:00 04-Apr-2019,2.000000,5,,,,,10,100,43,7,31,12,3,1,1,1,1,0,,,,,,,,,,,,,,,,,,,,,,,,,,,,,,,,,,,,,,,,,,,,,,,,,,,,,,,,,,,,,,
47618,47618,0.500000,Transmission,MiniPAT,TAD,00:00:00 05-Apr-2019,2.000000,2,,,,,10,100,43,12,23,15,5,1,1,0,0,0,,,,,,,,,,,,,,,,,,,,,,,,,,,,,,,,,,,,,,,,,,,,,,,,,,,,,,,,,,,,,,
47618,47618,0.500000,Transmission,MiniPAT,TAD,00:00:00 06-Apr-2019,2.000000,3,,,,,10,100.000000,46.9,10.2,20.4,15.3,3.1,1.0,1.0,1.0,1.0,0,,,,,,,,,,,,,,,,,,,,,,,,,,,,,,,,,,,,,,,,,,,,,,,,,,,,,,,,,,,,,,
47618,47618,0.500000,Transmission,MiniPAT,TAD,00:00:00 07-Apr-2019,2.000000,4,,,,,10,100.000000,43.6,9.9,18.8,22.8,2.0,1.0,1.0,1.0,0,0,,,,,,,,,,,,,,,,,,,,,,,,,,,,,,,,,,,,,,,,,,,,,,,,,,,,,,,,,,,,,,
47618,47618,0.500000,Transmission,MiniPAT,TAD,00:00:00 08-Apr-2019,2.000000,2,,,,,10,100,44,13,31,10,1,1,0,0,0,0,,,,,,,,,,,,,,,,,,,,,,,,,,,,,,,,,,,,,,,,,,,,,,,,,,,,,,,,,,,,,,
47618,47618,0.500000,Transmission,MiniPAT,TAD,00:00:00 09-Apr-2019,3.000000,3,,,,,10,100,35,16,22,23,1,1,1,1,0,0,,,,,,,,,,,,,,,,,,,,,,,,,,,,,,,,,,,,,,,,,,,,,,,,,,,,,,,,,,,,,,
47618,47618,0.500000,Transmission,MiniPAT,TAD,00:00:00 10-Apr-2019,3.000000,6,,,,,10,100,39,10,14,32,3,1,1,0,0,0,,,,,,,,,,,,,,,,,,,,,,,,,,,,,,,,,,,,,,,,,,,,,,,,,,,,,,,,,,,,,,
47618,47618,0.500000,Transmission,MiniPAT,TAD,00:00:00 11-Apr-2019,3.000000,3,,,,,10,100,31.6,19.4,29.6,18.4,1.0,0,0,0,0,0,,,,,,,,,,,,,,,,,,,,,,,,,,,,,,,,,,,,,,,,,,,,,,,,,,,,,,,,,,,,,,
47618,47618,0.500000,Transmission,MiniPAT,TAD,00:00:00 12-Apr-2019,3.000000,3,,,,,10,100.000000,34.3,22.2,17.2,16.2,8.1,1.0,1.0,0,0,0,,,,,,,,,,,,,,,,,,,,,,,,,,,,,,,,,,,,,,,,,,,,,,,,,,,,,,,,,,,,,,
47618,47618,0.500000,Transmission,MiniPAT,TAD,00:00:00 13-Apr-2019,3.000000,3,,,,,10,100.000000,29.6,23.5,8.2,30.6,4.1,1.0,1.0,1.0,1.0,0,,,,,,,,,,,,,,,,,,,,,,,,,,,,,,,,,,,,,,,,,,,,,,,,,,,,,,,,,,,,,,
47618,47618,0.500000,Transmission,MiniPAT,TAD,00:00:00 14-Apr-2019,3.000000,1,,,,,10,100,25.3,29.3,20.2,23.2,1.0,1.0,0,0,0,0,,,,,,,,,,,,,,,,,,,,,,,,,,,,,,,,,,,,,,,,,,,,,,,,,,,,,,,,,,,,,,
47618,47618,0.500000,Transmission,MiniPAT,TAD,00:00:00 15-Apr-2019,3.000000,2,,,,,10,100,24.5,38.8,18.4,14.3,3.1,1.0,0,0,0,0,,,,,,,,,,,,,,,,,,,,,,,,,,,,,,,,,,,,,,,,,,,,,,,,,,,,,,,,,,,,,,
47618,47618,0.500000,Transmission,MiniPAT,TAD,00:00:00 16-Apr-2019,3.000000,5,,,,,10,100,34.3,32.3,20.2,9.1,2.0,1.0,1.0,0,0,0,,,,,,,,,,,,,,,,,,,,,,,,,,,,,,,,,,,,,,,,,,,,,,,,,,,,,,,,,,,,,,
47618,47618,0.500000,Transmission,MiniPAT,TAD,00:00:00 18-Apr-2019,3.000000,2,,,,,10,100.000000,28.6,28.6,15.3,24.5,1.0,1.0,1.0,0,0,0,,,,,,,,,,,,,,,,,,,,,,,,,,,,,,,,,,,,,,,,,,,,,,,,,,,,,,,,,,,,,,
47618,47618,0.500000,Transmission,MiniPAT,TAD,00:00:00 19-Apr-2019,3.000000,5,,,,,10,100,18.2,34.3,15.2,27.3,2.0,1.0,1.0,1.0,0,0,,,,,,,,,,,,,,,,,,,,,,,,,,,,,,,,,,,,,,,,,,,,,,,,,,,,,,,,,,,,,,
47618,47618,0.500000,Transmission,MiniPAT,TAD,00:00:00 20-Apr-2019,3.000000,3,,,,,10,100.000000,13.4,1.0,34.0,40.2,9.3,1.0,1.0,0,0,0,,,,,,,,,,,,,,,,,,,,,,,,,,,,,,,,,,,,,,,,,,,,,,,,,,,,,,,,,,,,,,
47618,47618,0.500000,Transmission,MiniPAT,TAD,00:00:00 21-Apr-2019,3.000000,2,,,,,10,100,6.1,1.0,5.1,43.4,41.4,2.0,1.0,0,0,0,,,,,,,,,,,,,,,,,,,,,,,,,,,,,,,,,,,,,,,,,,,,,,,,,,,,,,,,,,,,,,
47618,47618,0.500000,Transmission,MiniPAT,TAD,00:00:00 22-Apr-2019,3.000000,1,,,,,10,100,14.4,10.3,9.3,18.6,43.3,3.1,1.0,0,0,0,,,,,,,,,,,,,,,,,,,,,,,,,,,,,,,,,,,,,,,,,,,,,,,,,,,,,,,,,,,,,,
47618,47618,0.500000,Transmission,MiniPAT,TAD,00:00:00 23-Apr-2019,3.000000,3,,,,,10,100,10.2,6.1,29.6,17.3,33.7,1.0,1.0,1.0,0,0,,,,,,,,,,,,,,,,,,,,,,,,,,,,,,,,,,,,,,,,,,,,,,,,,,,,,,,,,,,,,,
47618,47618,0.500000,Transmission,MiniPAT,TAD,00:00:00 24-Apr-2019,3.000000,6,,,,,10,100,19.4,14.3,18.4,27.6,17.3,1.0,1.0,1.0,0,0,,,,,,,,,,,,,,,,,,,,,,,,,,,,,,,,,,,,,,,,,,,,,,,,,,,,,,,,,,,,,,
47618,47618,0.500000,Transmission,MiniPAT,TAD,00:00:00 25-Apr-2019,3.000000,1,,,,,10,100,43.4,3.0,7.1,32.3,8.1,2.0,2.0,1.0,1.0,0,,,,,,,,,,,,,,,,,,,,,,,,,,,,,,,,,,,,,,,,,,,,,,,,,,,,,,,,,,,,,,
47618,47618,0.500000,Transmission,MiniPAT,TAD,00:00:00 26-Apr-2019,3.000000,1,,,,,10,100.000000,39.8,9.2,19.4,26.5,3.1,1.0,1.0,0,0,0,,,,,,,,,,,,,,,,,,,,,,,,,,,,,,,,,,,,,,,,,,,,,,,,,,,,,,,,,,,,,,
47618,47618,0.500000,Transmission,MiniPAT,TAD,00:00:00 27-Apr-2019,3.000000,3,,,,,10,100,29.3,16.2,22.2,28.3,1.0,1.0,1.0,1.0,0,0,,,,,,,,,,,,,,,,,,,,,,,,,,,,,,,,,,,,,,,,,,,,,,,,,,,,,,,,,,,,,,
47618,47618,0.500000,Transmission,MiniPAT,TAD,00:00:00 28-Apr-2019,3.000000,5,,,,,10,100,39.4,3.0,11.1,43.4,1.0,1.0,1.0,0,0,0,,,,,,,,,,,,,,,,,,,,,,,,,,,,,,,,,,,,,,,,,,,,,,,,,,,,,,,,,,,,,,
47618,47618,0.500000,Transmission,MiniPAT,TAD,00:00:00 29-Apr-2019,3.000000,1,,,,,10,100,28.9,15.5,10.3,37.1,6.2,1.0,1.0,0,0,0,,,,,,,,,,,,,,,,,,,,,,,,,,,,,,,,,,,,,,,,,,,,,,,,,,,,,,,,,,,,,,
47618,47618,0.500000,Transmission,MiniPAT,TAD,00:00:00 30-Apr-2019,3.000000,2,,,,,10,100.000000,28.6,18.4,23.5,23.5,3.1,1.0,1.0,1.0,0,0,,,,,,,,,,,,,,,,,,,,,,,,,,,,,,,,,,,,,,,,,,,,,,,,,,,,,,,,,,,,,,
47618,47618,0.500000,Transmission,MiniPAT,TAD,00:00:00 01-May-2019,3.000000,2,,,,,10,100,48.0,4.1,15.3,27.6,3.1,1.0,1.0,0,0,0,,,,,,,,,,,,,,,,,,,,,,,,,,,,,,,,,,,,,,,,,,,,,,,,,,,,,,,,,,,,,,
47618,47618,0.500000,Transmission,MiniPAT,TAD,00:00:00 02-May-2019,3.000000,5,,,,,10,100.000000,40.8,7.1,15.3,24.5,7.1,1.0,1.0,1.0,1.0,1.0,,,,,,,,,,,,,,,,,,,,,,,,,,,,,,,,,,,,,,,,,,,,,,,,,,,,,,,,,,,,,,
47618,47618,0.500000,Transmission,MiniPAT,TAD,00:00:00 03-May-2019,3.000000,5,,,,,10,100,38.4,10.1,10.1,29.3,7.1,1.0,1.0,1.0,1.0,1.0,,,,,,,,,,,,,,,,,,,,,,,,,,,,,,,,,,,,,,,,,,,,,,,,,,,,,,,,,,,,,,
47618,47618,0.500000,Transmission,MiniPAT,TAD,00:00:00 04-May-2019,3.000000,1,,,,,10,100.000000,43.3,8.2,10.3,29.9,5.2,1.0,1.0,1.0,0,0,,,,,,,,,,,,,,,,,,,,,,,,,,,,,,,,,,,,,,,,,,,,,,,,,,,,,,,,,,,,,,
47618,47618,0.500000,Transmission,MiniPAT,TAD,00:00:00 05-May-2019,3.000000,1,,,,,10,100.000000,41.2,7.2,6.2,14.4,22.7,3.1,3.1,1.0,1.0,0,,,,,,,,,,,,,,,,,,,,,,,,,,,,,,,,,,,,,,,,,,,,,,,,,,,,,,,,,,,,,,
47618,47618,0.500000,Transmission,MiniPAT,TAD,00:00:00 06-May-2019,4.000000,4,,,,,10,100.000000,28.9,18.6,5.2,10.3,27.8,3.1,3.1,2.1,1.0,0,,,,,,,,,,,,,,,,,,,,,,,,,,,,,,,,,,,,,,,,,,,,,,,,,,,,,,,,,,,,,,
47618,47618,0.500000,Transmission,MiniPAT,TAD,00:00:00 07-May-2019,4.000000,2,,,,,10,100,26.8,24.7,10.3,24.7,11.3,1.0,1.0,0,0,0,,,,,,,,,,,,,,,,,,,,,,,,,,,,,,,,,,,,,,,,,,,,,,,,,,,,,,,,,,,,,,
47618,47618,0.500000,Transmission,MiniPAT,TAD,00:00:00 08-May-2019,4.000000,5,,,,,10,100,6.1,33.3,24.2,21.2,13.1,1.0,1.0,0,0,0,,,,,,,,,,,,,,,,,,,,,,,,,,,,,,,,,,,,,,,,,,,,,,,,,,,,,,,,,,,,,,
47618,47618,0.500000,Transmission,MiniPAT,TAD,00:00:00 09-May-2019,4.000000,2,,,,,10,100.000000,26.5,21.4,13.3,15.3,19.4,1.0,1.0,1.0,1.0,0,,,,,,,,,,,,,,,,,,,,,,,,,,,,,,,,,,,,,,,,,,,,,,,,,,,,,,,,,,,,,,
47618,47618,0.500000,Transmission,MiniPAT,TAD,00:00:00 10-May-2019,4.000000,1,,,,,10,100,33,16,8,29,10,1,1,1,1,0,,,,,,,,,,,,,,,,,,,,,,,,,,,,,,,,,,,,,,,,,,,,,,,,,,,,,,,,,,,,,,
47618,47618,0.500000,Transmission,MiniPAT,TAD,00:00:00 11-May-2019,4.000000,1,,,,,10,100,34.3,16.2,11.1,31.3,4.0,1.0,1.0,1.0,0,0,,,,,,,,,,,,,,,,,,,,,,,,,,,,,,,,,,,,,,,,,,,,,,,,,,,,,,,,,,,,,,
47618,47618,0.500000,Transmission,MiniPAT,TAD,00:00:00 12-May-2019,4.000000,3,,,,,10,100,39.4,14.1,25.3,12.1,6.1,1.0,1.0,1.0,0,0,,,,,,,,,,,,,,,,,,,,,,,,,,,,,,,,,,,,,,,,,,,,,,,,,,,,,,,,,,,,,,
47618,47618,0.500000,Transmission,MiniPAT,TAD,00:00:00 13-May-2019,4.000000,2,,,,,10,100,22.2,19.2,27.3,12.1,15.2,1.0,1.0,1.0,1.0,0,,,,,,,,,,,,,,,,,,,,,,,,,,,,,,,,,,,,,,,,,,,,,,,,,,,,,,,,,,,,,,
47618,47618,0.500000,Transmission,MiniPAT,TAD,00:00:00 15-May-2019,4.000000,5,,,,,10,100.000000,13.3,13.3,44.9,17.3,8.2,1.0,1.0,1.0,0,0,,,,,,,,,,,,,,,,,,,,,,,,,,,,,,,,,,,,,,,,,,,,,,,,,,,,,,,,,,,,,,
47618,47618,0.500000,Transmission,MiniPAT,TAD,00:00:00 16-May-2019,4.000000,4,,,,,10,100,7,35,43,11,1,1,1,1,0,0,,,,,,,,,,,,,,,,,,,,,,,,,,,,,,,,,,,,,,,,,,,,,,,,,,,,,,,,,,,,,,
47618,47618,0.500000,Transmission,MiniPAT,TAD,00:00:00 17-May-2019,4.000000,4,,,,,10,100,3,31,39,20,2,1,1,1,1,1,,,,,,,,,,,,,,,,,,,,,,,,,,,,,,,,,,,,,,,,,,,,,,,,,,,,,,,,,,,,,,
47618,47618,0.500000,Transmission,MiniPAT,TAD,00:00:00 18-May-2019,4.000000,5,,,,,10,100.000000,12.9,30.7,23.8,20.8,7.9,1.0,1.0,1.0,1.0,0,,,,,,,,,,,,,,,,,,,,,,,,,,,,,,,,,,,,,,,,,,,,,,,,,,,,,,,,,,,,,,
47618,47618,0.500000,Transmission,MiniPAT,TAD,00:00:00 19-May-2019,4.000000,2,,,,,10,100,3.1,32.7,23.5,38.8,1.0,1.0,0,0,0,0,,,,,,,,,,,,,,,,,,,,,,,,,,,,,,,,,,,,,,,,,,,,,,,,,,,,,,,,,,,,,,
47618,47618,0.500000,Transmission,MiniPAT,TAD,00:00:00 20-May-2019,4.000000,1,,,,,10,100,16,22,34,25,1,1,1,0,0,0,,,,,,,,,,,,,,,,,,,,,,,,,,,,,,,,,,,,,,,,,,,,,,,,,,,,,,,,,,,,,,
47618,47618,0.500000,Transmission,MiniPAT,TAD,00:00:00 21-May-2019,4.000000,4,,,,,10,100.000000,5.0,31.7,37.6,17.8,4.0,1.0,1.0,1.0,1.0,0,,,,,,,,,,,,,,,,,,,,,,,,,,,,,,,,,,,,,,,,,,,,,,,,,,,,,,,,,,,,,,
47618,47618,0.500000,Transmission,MiniPAT,TAD,00:00:00 22-May-2019,4.000000,1,,,,,10,100,17,28,30,20,2,1,1,1,0,0,,,,,,,,,,,,,,,,,,,,,,,,,,,,,,,,,,,,,,,,,,,,,,,,,,,,,,,,,,,,,,
47618,47618,0.500000,Transmission,MiniPAT,TAD,00:00:00 23-May-2019,4.000000,3,,,,,10,100.000000,11.2,26.5,30.6,17.3,9.2,1.0,1.0,1.0,1.0,1.0,,,,,,,,,,,,,,,,,,,,,,,,,,,,,,,,,,,,,,,,,,,,,,,,,,,,,,,,,,,,,,
47618,47618,0.500000,Transmission,MiniPAT,TAD,00:00:00 24-May-2019,4.000000,2,,,,,10,100,16.3,21.4,28.6,20.4,8.2,1.0,2.0,1.0,1.0,0,,,,,,,,,,,,,,,,,,,,,,,,,,,,,,,,,,,,,,,,,,,,,,,,,,,,,,,,,,,,,,
47618,47618,0.500000,Transmission,MiniPAT,TAD,00:00:00 25-May-2019,4.000000,1,,,,,10,100,47.5,21.2,12.1,12.1,4.0,1.0,1.0,1.0,0,0,,,,,,,,,,,,,,,,,,,,,,,,,,,,,,,,,,,,,,,,,,,,,,,,,,,,,,,,,,,,,,
47618,47618,0.500000,Transmission,MiniPAT,TAD,00:00:00 26-May-2019,4.000000,5,,,,,10,100,61.6,25.3,9.1,2.0,1.0,1.0,0,0,0,0,,,,,,,,,,,,,,,,,,,,,,,,,,,,,,,,,,,,,,,,,,,,,,,,,,,,,,,,,,,,,,
47618,47618,0.500000,Transmission,MiniPAT,TAD,00:00:00 27-May-2019,4.000000,2,,,,,10,100,36.4,17.2,37.4,6.1,1.0,1.0,1.0,0,0,0,,,,,,,,,,,,,,,,,,,,,,,,,,,,,,,,,,,,,,,,,,,,,,,,,,,,,,,,,,,,,,
47618,47618,0.500000,Transmission,MiniPAT,TAD,00:00:00 28-May-2019,4.000000,3,,,,,10,100.000000,14.3,23.5,36.7,16.3,3.1,3.1,1.0,1.0,1.0,0,,,,,,,,,,,,,,,,,,,,,,,,,,,,,,,,,,,,,,,,,,,,,,,,,,,,,,,,,,,,,,
47618,47618,0.500000,Transmission,MiniPAT,TAD,00:00:00 29-May-2019,4.000000,3,,,,,10,100,7.1,3.0,24.2,29.3,22.2,10.1,2.0,1.0,1.0,0,,,,,,,,,,,,,,,,,,,,,,,,,,,,,,,,,,,,,,,,,,,,,,,,,,,,,,,,,,,,,,
47618,47618,0.500000,Transmission,MiniPAT,TAD,00:00:00 30-May-2019,4.000000,3,,,,,10,100,3.0,3.0,18.2,23.2,37.4,12.1,1.0,1.0,1.0,0,,,,,,,,,,,,,,,,,,,,,,,,,,,,,,,,,,,,,,,,,,,,,,,,,,,,,,,,,,,,,,
47618,47618,0.500000,Transmission,MiniPAT,TAD,00:00:00 31-May-2019,4.000000,3,,,,,10,100,22.4,11.2,10.2,26.5,11.2,14.3,3.1,1.0,0,0,,,,,,,,,,,,,,,,,,,,,,,,,,,,,,,,,,,,,,,,,,,,,,,,,,,,,,,,,,,,,,
47618,47618,0.500000,Transmission,MiniPAT,TAD,00:00:00 01-Jun-2019,4.000000,5,,,,,10,100,41.4,10.1,10.1,29.3,6.1,1.0,1.0,1.0,0,0,,,,,,,,,,,,,,,,,,,,,,,,,,,,,,,,,,,,,,,,,,,,,,,,,,,,,,,,,,,,,,
47618,47618,0.500000,Transmission,MiniPAT,TAD,00:00:00 02-Jun-2019,5.000000,1,,,,,10,100,27.3,30.3,23.2,14.1,3.0,1.0,1.0,0,0,0,,,,,,,,,,,,,,,,,,,,,,,,,,,,,,,,,,,,,,,,,,,,,,,,,,,,,,,,,,,,,,
47618,47618,0.500000,Transmission,MiniPAT,TAD,00:00:00 03-Jun-2019,5.000000,1,,,,,10,100,9,38,41,9,1,1,1,0,0,0,,,,,,,,,,,,,,,,,,,,,,,,,,,,,,,,,,,,,,,,,,,,,,,,,,,,,,,,,,,,,,
47618,47618,0.500000,Transmission,MiniPAT,TAD,00:00:00 05-Jun-2019,5.000000,4,,,,,10,100,23.2,8.1,11.1,6.1,33.3,13.1,2.0,1.0,1.0,1.0,,,,,,,,,,,,,,,,,,,,,,,,,,,,,,,,,,,,,,,,,,,,,,,,,,,,,,,,,,,,,,
47618,47618,0.500000,Transmission,MiniPAT,TAD,00:00:00 06-Jun-2019,5.000000,2,,,,,10,100,28,18,5,8,28,10,1,1,1,0,,,,,,,,,,,,,,,,,,,,,,,,,,,,,,,,,,,,,,,,,,,,,,,,,,,,,,,,,,,,,,
47618,47618,0.500000,Transmission,MiniPAT,TAD,00:00:00 07-Jun-2019,5.000000,2,,,,,10,100,19.4,17.3,18.4,6.1,26.5,11.2,1.0,0,0,0,,,,,,,,,,,,,,,,,,,,,,,,,,,,,,,,,,,,,,,,,,,,,,,,,,,,,,,,,,,,,,
47618,47618,0.500000,Transmission,MiniPAT,TAD,00:00:00 08-Jun-2019,5.000000,4,,,,,10,100,18.4,22.4,15.3,4.1,31.6,6.1,1.0,1.0,0,0,,,,,,,,,,,,,,,,,,,,,,,,,,,,,,,,,,,,,,,,,,,,,,,,,,,,,,,,,,,,,,
47618,47618,0.500000,Transmission,MiniPAT,TAD,00:00:00 09-Jun-2019,5.000000,2,,,,,10,100,25.3,10.1,15.2,21.2,20.2,6.1,1.0,1.0,0,0,,,,,,,,,,,,,,,,,,,,,,,,,,,,,,,,,,,,,,,,,,,,,,,,,,,,,,,,,,,,,,
47618,47618,0.500000,Transmission,MiniPAT,TAD,00:00:00 10-Jun-2019,5.000000,6,,,,,10,100,30.9,15.5,7.2,7.2,23.7,11.3,2.1,1.0,1.0,0,,,,,,,,,,,,,,,,,,,,,,,,,,,,,,,,,,,,,,,,,,,,,,,,,,,,,,,,,,,,,,
47618,47618,0.500000,Transmission,MiniPAT,TAD,00:00:00 12-Jun-2019,5.000000,4,,,,,10,100,2.1,10.4,17.7,19.8,32.3,16.7,1.0,0,0,0,,,,,,,,,,,,,,,,,,,,,,,,,,,,,,,,,,,,,,,,,,,,,,,,,,,,,,,,,,,,,,
47618,47618,0.500000,Transmission,MiniPAT,TAD,00:00:00 13-Jun-2019,5.000000,2,,,,,10,100,7.2,8.2,10.3,13.4,37.1,16.5,5.2,1.0,1.0,0,,,,,,,,,,,,,,,,,,,,,,,,,,,,,,,,,,,,,,,,,,,,,,,,,,,,,,,,,,,,,,
47618,47618,0.500000,Transmission,MiniPAT,TAD,00:00:00 14-Jun-2019,5.000000,2,,,,,10,100,5.2,9.4,19.8,22.9,30.2,11.5,1.0,0,0,0,,,,,,,,,,,,,,,,,,,,,,,,,,,,,,,,,,,,,,,,,,,,,,,,,,,,,,,,,,,,,,
47618,47618,0.500000,Transmission,MiniPAT,TAD,00:00:00 15-Jun-2019,5.000000,1,,,,,10,100,22.2,23.2,8.1,21.2,18.2,4.0,1.0,1.0,1.0,0,,,,,,,,,,,,,,,,,,,,,,,,,,,,,,,,,,,,,,,,,,,,,,,,,,,,,,,,,,,,,,
47618,47618,0.500000,Transmission,MiniPAT,TAD,00:00:00 16-Jun-2019,5.000000,1,,,,,10,100,7.3,17.7,19.8,17.7,26.0,8.3,3.1,0,0,0,,,,,,,,,,,,,,,,,,,,,,,,,,,,,,,,,,,,,,,,,,,,,,,,,,,,,,,,,,,,,,
47618,47618,0.500000,Transmission,MiniPAT,TAD,00:00:00 17-Jun-2019,5.000000,3,,,,,10,100.000000,21.6,16.5,10.3,28.9,19.6,2.1,1.0,0,0,0,,,,,,,,,,,,,,,,,,,,,,,,,,,,,,,,,,,,,,,,,,,,,,,,,,,,,,,,,,,,,,
47618,47618,0.500000,Transmission,MiniPAT,TAD,00:00:00 18-Jun-2019,5.000000,2,,,,,10,100,2.1,16.5,24.7,11.3,24.7,14.4,5.2,1.0,0,0,,,,,,,,,,,,,,,,,,,,,,,,,,,,,,,,,,,,,,,,,,,,,,,,,,,,,,,,,,,,,,
47618,47618,0.500000,Transmission,MiniPAT,TAD,00:00:00 19-Jun-2019,5.000000,2,,,,,10,100.000000,4.1,10.2,11.2,8.2,49.0,11.2,3.1,1.0,1.0,1.0,,,,,,,,,,,,,,,,,,,,,,,,,,,,,,,,,,,,,,,,,,,,,,,,,,,,,,,,,,,,,,
47618,47618,0.500000,Transmission,MiniPAT,TAD,00:00:00 20-Jun-2019,5.000000,2,,,,,10,100.000000,19.2,31.3,17.2,12.1,13.1,4.0,2.0,1.0,0,0,,,,,,,,,,,,,,,,,,,,,,,,,,,,,,,,,,,,,,,,,,,,,,,,,,,,,,,,,,,,,,
47618,47618,0.500000,Transmission,MiniPAT,TAD,00:00:00 21-Jun-2019,5.000000,3,,,,,10,100,5.2,5.2,7.3,18.8,37.5,14.6,8.3,1.0,1.0,1.0,,,,,,,,,,,,,,,,,,,,,,,,,,,,,,,,,,,,,,,,,,,,,,,,,,,,,,,,,,,,,,
47618,47618,0.500000,Transmission,MiniPAT,TAD,00:00:00 22-Jun-2019,5.000000,3,,,,,10,100,9.4,11.5,20.8,30.2,18.8,8.3,1.0,0,0,0,,,,,,,,,,,,,,,,,,,,,,,,,,,,,,,,,,,,,,,,,,,,,,,,,,,,,,,,,,,,,,
47618,47618,0.500000,Transmission,MiniPAT,TAD,00:00:00 23-Jun-2019,5.000000,3,,,,,10,100.000000,3.1,6.1,43.9,37.8,6.1,1.0,1.0,1.0,0,0,,,,,,,,,,,,,,,,,,,,,,,,,,,,,,,,,,,,,,,,,,,,,,,,,,,,,,,,,,,,,,
47618,47618,0.500000,Transmission,MiniPAT,TAD,00:00:00 25-Jun-2019,5.000000,3,,,,,10,100,3.1,4.1,27.8,24.7,20.6,14.4,4.1,1.0,0,0,,,,,,,,,,,,,,,,,,,,,,,,,,,,,,,,,,,,,,,,,,,,,,,,,,,,,,,,,,,,,,
47618,47618,0.500000,Transmission,MiniPAT,TAD,00:00:00 26-Jun-2019,5.000000,1,,,,,10,100.000000,6.1,7.1,15.3,27.6,25.5,13.3,3.1,1.0,1.0,0,,,,,,,,,,,,,,,,,,,,,,,,,,,,,,,,,,,,,,,,,,,,,,,,,,,,,,,,,,,,,,
47618,47618,0.500000,Transmission,MiniPAT,TAD,00:00:00 27-Jun-2019,5.000000,3,,,,,10,100,1.0,3.0,30.3,37.4,21.2,5.1,1.0,1.0,0,0,,,,,,,,,,,,,,,,,,,,,,,,,,,,,,,,,,,,,,,,,,,,,,,,,,,,,,,,,,,,,,
47618,47618,0.500000,Transmission,MiniPAT,TAD,00:00:00 28-Jun-2019,6.000000,2,,,,,10,100,16.5,11.3,11.3,15.5,32.0,10.3,1.0,1.0,1.0,0,,,,,,,,,,,,,,,,,,,,,,,,,,,,,,,,,,,,,,,,,,,,,,,,,,,,,,,,,,,,,,
47618,47618,0.500000,Transmission,MiniPAT,TAD,00:00:00 29-Jun-2019,6.000000,3,,,,,10,100,2.1,7.2,21.6,23.7,24.7,19.6,1.0,0,0,0,,,,,,,,,,,,,,,,,,,,,,,,,,,,,,,,,,,,,,,,,,,,,,,,,,,,,,,,,,,,,,
47618,47618,0.500000,Transmission,MiniPAT,TAD,00:00:00 30-Jun-2019,6.000000,1,,,,,10,100,11.3,13.4,17.5,13.4,21.6,18.6,2.1,1.0,1.0,0,,,,,,,,,,,,,,,,,,,,,,,,,,,,,,,,,,,,,,,,,,,,,,,,,,,,,,,,,,,,,,
47618,47618,0.500000,Transmission,MiniPAT,TAD,00:00:00 01-Jul-2019,6.000000,1,,,,,10,100.000000,1.0,1.0,8.2,25.5,39.8,18.4,4.1,1.0,1.0,0,,,,,,,,,,,,,,,,,,,,,,,,,,,,,,,,,,,,,,,,,,,,,,,,,,,,,,,,,,,,,,
47618,47618,0.500000,Transmission,MiniPAT,TAD,00:00:00 02-Jul-2019,6.000000,2,,,,,10,100.000000,1.0,5.2,9.3,26.8,46.4,8.2,1.0,1.0,1.0,0,,,,,,,,,,,,,,,,,,,,,,,,,,,,,,,,,,,,,,,,,,,,,,,,,,,,,,,,,,,,,,
47618,47618,0.500000,Transmission,MiniPAT,TAD,00:00:00 03-Jul-2019,6.000000,1,,,,,10,100.000000,1.0,4.2,11.5,21.9,53.1,7.3,1.0,0,0,0,,,,,,,,,,,,,,,,,,,,,,,,,,,,,,,,,,,,,,,,,,,,,,,,,,,,,,,,,,,,,,
47618,47618,0.500000,Transmission,MiniPAT,TAD,00:00:00 05-Jul-2019,6.000000,4,,,,,10,100,1.0,8.2,14.3,12.2,43.9,16.3,3.1,1.0,0,0,,,,,,,,,,,,,,,,,,,,,,,,,,,,,,,,,,,,,,,,,,,,,,,,,,,,,,,,,,,,,,
47618,47618,0.500000,Transmission,MiniPAT,TAD,00:00:00 06-Jul-2019,6.000000,4,,,,,10,100,1,1,9,29,37,16,6,1,0,0,,,,,,,,,,,,,,,,,,,,,,,,,,,,,,,,,,,,,,,,,,,,,,,,,,,,,,,,,,,,,,
47618,47618,0.500000,Transmission,MiniPAT,TAD,00:00:00 07-Jul-2019,6.000000,5,,,,,10,100,1.0,3.0,13.1,33.3,32.3,10.1,5.1,1.0,1.0,0,,,,,,,,,,,,,,,,,,,,,,,,,,,,,,,,,,,,,,,,,,,,,,,,,,,,,,,,,,,,,,
47618,47618,0.500000,Transmission,MiniPAT,TAD,00:00:00 08-Jul-2019,6.000000,3,,,,,10,100,1.0,5.1,22.4,25.5,34.7,8.2,3.1,0,0,0,,,,,,,,,,,,,,,,,,,,,,,,,,,,,,,,,,,,,,,,,,,,,,,,,,,,,,,,,,,,,,
47618,47618,0.500000,Transmission,MiniPAT,TAD,00:00:00 09-Jul-2019,6.000000,2,,,,,10,100,1.0,4.2,15.6,20.8,31.3,20.8,6.3,0,0,0,,,,,,,,,,,,,,,,,,,,,,,,,,,,,,,,,,,,,,,,,,,,,,,,,,,,,,,,,,,,,,
47618,47618,0.500000,Transmission,MiniPAT,TAD,00:00:00 10-Jul-2019,6.000000,2,,,,,10,100,1.0,8.2,25.8,17.5,24.7,15.5,4.1,1.0,1.0,1.0,,,,,,,,,,,,,,,,,,,,,,,,,,,,,,,,,,,,,,,,,,,,,,,,,,,,,,,,,,,,,,
47618,47618,0.500000,Transmission,MiniPAT,TAD,00:00:00 11-Jul-2019,6.000000,1,,,,,10,100.000000,12.2,8.2,6.1,6.1,18.4,28.6,17.3,1.0,2.0,0,,,,,,,,,,,,,,,,,,,,,,,,,,,,,,,,,,,,,,,,,,,,,,,,,,,,,,,,,,,,,,
