source,date,common_name,species,longitude,latitude,rs_sst_interpolated
"AIMS, Long-Term Fish Visual Census, Great Barrier Reef, Northeast Australia, 1992-2015",2011-01-27,Common Coral Trout,Plectropomus leopardus,145.868767,-16.038383,28.180000000000064
Reef Life Survey: Global reef fish dataset,2011-02-01,Snapper,Chrysophrys auratus,152.16,-32.71,NA
Reef Life Survey: Global reef fish dataset,2011-02-26,Snapper,Chrysophrys auratus,152.16,-32.71,NA
"AIMS, Long-Term Fish Visual Census, Great Barrier Reef, Northeast Australia, 1992-2015",2011-03-12,Common Coral Trout,Plectropomus leopardus,149.37865,-19.769367,28.160000000000082
"AIMS, Long-Term Fish Visual Census, Great Barrier Reef, Northeast Australia, 1992-2015",2011-03-15,Common Coral Trout,Plectropomus leopardus,149.6951,-20.029433,27.750000000000057
"AIMS, Long-Term Fish Visual Census, Great Barrier Reef, Northeast Australia, 1992-2015",2011-03-18,Common Coral Trout,Plectropomus leopardus,150.16235,-19.800517,27.300000000000068
Reef Life Survey: Global reef fish dataset,2011-03-26,Spangled Emperor,Lethrinus nebulosus,151.3,-33.8,22.300000000000068
Reef Life Survey: Global reef fish dataset,2011-03-27,Snapper,Chrysophrys auratus,151.27,-33.83,NA
Reef Life Survey: Global reef fish dataset,2011-03-27,Snapper,Chrysophrys auratus,151.27,-33.82,NA
Reef Life Survey: Global reef fish dataset,2011-04-16,Snapper,Chrysophrys auratus,150.75,-35.12,NA
Reef Life Survey: Global reef fish dataset,2011-04-26,Snapper,Chrysophrys auratus,152.15,-32.71,NA
"AIMS, Long-Term Fish Visual Census, Great Barrier Reef, Northeast Australia, 1992-2015",2011-05-04,Common Coral Trout,Plectropomus leopardus,147.723833,-18.6558,26.720000000000027
"AIMS, Long-Term Fish Visual Census, Great Barrier Reef, Northeast Australia, 1992-2015",2011-05-05,Common Coral Trout,Plectropomus leopardus,147.670517,-18.811317,26.490000000000066
Gaia Guide,2011-05-15,Common Coral Trout,Plectropomus leopardus,145.459156,-14.67311,25.240000000000066
Reef Life Survey: Global reef fish dataset,2011-07-03,Snapper,Chrysophrys auratus,152.14,-32.72,NA
Reef Life Survey: Global reef fish dataset,2011-08-28,Snapper,Chrysophrys auratus,152.16,-32.71,NA
Lizard Island Research Station,2011-09-25,Common Coral Trout,Plectropomus leopardus,145.437516,-14.680198,23.550000000000068
Lizard Island Research Station,2011-09-25,Common Coral Trout,Plectropomus leopardus,145.450049,-14.646977,23.550000000000068
iNaturalist Australia,2011-09-29,Spangled Emperor,Lethrinus nebulosus,151.9148,-23.442298,22.010000000000048
Reef Life Survey: Global reef fish dataset,2011-10-09,Snapper,Chrysophrys auratus,152.22,-32.69,NA
"AIMS, Long-Term Fish Visual Census, Great Barrier Reef, Northeast Australia, 1992-2015",2011-11-17,Common Coral Trout,Plectropomus leopardus,150.596917,-21.0092,25.480000000000075
"AIMS, Long-Term Fish Visual Census, Great Barrier Reef, Northeast Australia, 1992-2015",2011-11-23,Common Coral Trout,Plectropomus leopardus,152.57005,-21.469633,25.62000000000006
"AIMS, Long-Term Fish Visual Census, Great Barrier Reef, Northeast Australia, 1992-2015",2011-11-23,Common Coral Trout,Plectropomus leopardus,152.5665,-21.469817,25.62000000000006
"AIMS, Long-Term Fish Visual Census, Great Barrier Reef, Northeast Australia, 1992-2015",2011-11-29,Common Coral Trout,Plectropomus leopardus,152.300283,-23.795367,25.35000000000008
"AIMS, Long-Term Fish Visual Census, Great Barrier Reef, Northeast Australia, 1992-2015",2011-12-08,Common Coral Trout,Plectropomus leopardus,151.915433,-23.1778,25.250000000000057
"AIMS, Long-Term Fish Visual Census, Great Barrier Reef, Northeast Australia, 1992-2015",2012-01-05,Common Coral Trout,Plectropomus leopardus,152.316733,-21.96115,27.02000000000004
"AIMS, Long-Term Fish Visual Census, Great Barrier Reef, Northeast Australia, 1992-2015",2012-01-06,Common Coral Trout,Plectropomus leopardus,152.471183,-21.999617,26.490000000000066
"AIMS, Long-Term Fish Visual Census, Great Barrier Reef, Northeast Australia, 1992-2015",2012-01-07,Common Coral Trout,Plectropomus leopardus,152.668567,-21.99795,26.57000000000005
"AIMS, Long-Term Fish Visual Census, Great Barrier Reef, Northeast Australia, 1992-2015",2012-01-08,Common Coral Trout,Plectropomus leopardus,152.659383,-21.985383,26.660000000000082
"AIMS, Long-Term Fish Visual Census, Great Barrier Reef, Northeast Australia, 1992-2015",2012-01-09,Spangled Emperor,Lethrinus nebulosus,152.6149,-21.950183,26.740000000000066
"AIMS, Long-Term Fish Visual Census, Great Barrier Reef, Northeast Australia, 1992-2015",2012-01-11,Common Coral Trout,Plectropomus leopardus,151.6446,-21.408533,27.31000000000006
"AIMS, Long-Term Fish Visual Census, Great Barrier Reef, Northeast Australia, 1992-2015",2012-01-17,Common Coral Trout,Plectropomus leopardus,150.92785,-20.963133,27.440000000000055
Reef Life Survey: Global reef fish dataset,2012-01-26,Snapper,Chrysophrys auratus,152.16,-32.71,NA
"AIMS, Long-Term Fish Visual Census, Great Barrier Reef, Northeast Australia, 1992-2015",2012-02-19,Common Coral Trout,Plectropomus leopardus,146.02995,-16.506817,29.200000000000045
"AIMS, Long-Term Fish Visual Census, Great Barrier Reef, Northeast Australia, 1992-2015",2012-02-20,Common Coral Trout,Plectropomus leopardus,146.112667,-16.6488,29.07000000000005
"AIMS, Long-Term Fish Visual Census, Great Barrier Reef, Northeast Australia, 1992-2015",2012-02-26,Common Coral Trout,Plectropomus leopardus,146.478083,-17.29065,29.180000000000064
"AIMS, Long-Term Fish Visual Census, Great Barrier Reef, Northeast Australia, 1992-2015",2012-02-28,Common Coral Trout,Plectropomus leopardus,146.390533,-17.51795,28.910000000000082
Reef Life Survey: Global reef fish dataset,2012-03-17,Snapper,Chrysophrys auratus,151.27,-33.83,NA
Reef Life Survey: Global reef fish dataset,2012-03-18,Snapper,Chrysophrys auratus,151.28,-33.84,NA
Lizard Island Research Station,2012-03-28,Spangled Emperor,Lethrinus nebulosus,145.452397,-14.695641,27.230000000000075
Reef Life Survey: Global reef fish dataset,2012-04-03,Common Coral Trout,Plectropomus leopardus,147.7,-18.66,27.590000000000032
Reef Life Survey: Global reef fish dataset,2012-04-07,Common Coral Trout,Plectropomus leopardus,147.45,-18.41,27.590000000000032
Reef Life Survey: Global reef fish dataset,2012-04-09,Snapper,Chrysophrys auratus,152.16,-32.71,NA
"AIMS, Long-Term Fish Visual Census, Great Barrier Reef, Northeast Australia, 1992-2015",2012-04-16,Common Coral Trout,Plectropomus leopardus,147.0013,-18.460533,26.650000000000034
"AIMS, Long-Term Fish Visual Census, Great Barrier Reef, Northeast Australia, 1992-2015",2012-04-18,Common Coral Trout,Plectropomus leopardus,146.87865,-18.471817,26.57000000000005
"AIMS, Long-Term Fish Visual Census, Great Barrier Reef, Northeast Australia, 1992-2015",2012-04-22,Common Coral Trout,Plectropomus leopardus,147.300283,-18.6242,27.280000000000086
"AIMS, Long-Term Fish Visual Census, Great Barrier Reef, Northeast Australia, 1992-2015",2012-04-27,Common Coral Trout,Plectropomus leopardus,147.7218,-18.7318,26.86000000000007
"AIMS, Long-Term Fish Visual Census, Great Barrier Reef, Northeast Australia, 1992-2015",2012-08-25,Common Coral Trout,Plectropomus leopardus,151.982417,-23.322967,22.040000000000077
"AIMS, Long-Term Fish Visual Census, Great Barrier Reef, Northeast Australia, 1992-2015",2012-08-27,Spangled Emperor,Lethrinus nebulosus,152.482583,-21.979133,21.950000000000045
"AIMS, Long-Term Fish Visual Census, Great Barrier Reef, Northeast Australia, 1992-2015",2012-09-06,Common Coral Trout,Plectropomus leopardus,152.1958,-22.023733,22.290000000000077
Reef Life Survey: Global reef fish dataset,2012-10-27,Spangled Emperor,Lethrinus nebulosus,151.25,-33.84,NA
Lizard Island Research Station,2012-11-30,Common Coral Trout,Plectropomus leopardus,145.368004,-14.754742,27.380000000000052
Reef Life Survey: Global reef fish dataset,2012-12-09,Snapper,Chrysophrys auratus,152.17,-32.75,NA
"AIMS, Long-Term Fish Visual Census, Great Barrier Reef, Northeast Australia, 1992-2015",2013-01-05,Common Coral Trout,Plectropomus leopardus,145.907533,-16.207517,27.430000000000064
"Australian Institute of Marine Science (AIMS) Long-term Monitoring Program: Visual Census Fish Data (Great Barrier Reef), Australia (1992 to present)",2013-01-07,Common Coral Trout,Plectropomus leopardus,145.65245,-16.04495,28.130000000000052
"AIMS, Long-Term Fish Visual Census, Great Barrier Reef, Northeast Australia, 1992-2015",2013-01-09,Common Coral Trout,Plectropomus leopardus,145.87015,-16.041817000000002,28.62000000000006
"AIMS, Long-Term Fish Visual Census, Great Barrier Reef, Northeast Australia, 1992-2015",2013-01-12,Common Coral Trout,Plectropomus leopardus,146.022667,-16.49935,28.500000000000057
"AIMS, Long-Term Fish Visual Census, Great Barrier Reef, Northeast Australia, 1992-2015",2013-01-15,Common Coral Trout,Plectropomus leopardus,145.98045,-16.775317,28.910000000000082
"AIMS, Long-Term Fish Visual Census, Great Barrier Reef, Northeast Australia, 1992-2015",2013-01-16,Common Coral Trout,Plectropomus leopardus,146.200017,-16.801417,28.61000000000007
iNaturalist Australia,2013-03-31,Snapper,Chrysophrys auratus,145.083125,-38.012886,NA
Reef Life Survey: Global reef fish dataset,2013-04-07,Snapper,Chrysophrys auratus,150.8,-35.08,NA
Reef Life Survey: Global reef fish dataset,2013-04-10,Snapper,Chrysophrys auratus,151.29,-33.82,NA
"AIMS, Long-Term Fish Visual Census, Great Barrier Reef, Northeast Australia, 1992-2015",2013-04-19,Spangled Emperor,Lethrinus nebulosus,149.69205,-20.0376,26.950000000000045
"AIMS, Long-Term Fish Visual Census, Great Barrier Reef, Northeast Australia, 1992-2015",2013-04-22,Common Coral Trout,Plectropomus leopardus,148.89940000000001,-20.056983,NA
"AIMS, Long-Term Fish Visual Census, Great Barrier Reef, Northeast Australia, 1992-2015",2013-04-23,Common Coral Trout,Plectropomus leopardus,148.903933,-20.062033,NA
"AIMS, Long-Term Fish Visual Census, Great Barrier Reef, Northeast Australia, 1992-2015",2013-05-22,Common Coral Trout,Plectropomus leopardus,147.7217,-18.652117,25.82000000000005
"AIMS, Long-Term Fish Visual Census, Great Barrier Reef, Northeast Australia, 1992-2015",2013-05-23,Common Coral Trout,Plectropomus leopardus,147.4519,-18.399867,25.970000000000027
Reef Life Survey: Global reef fish dataset,2013-06-27,Spangled Emperor,Lethrinus nebulosus,147.63,-19.3,24.090000000000032
iNaturalist Australia,2013-07-07,Spangled Emperor,Lethrinus nebulosus,151.295952,-33.799869,18.660000000000082
Reef Life Survey: Global reef fish dataset,2013-07-09,Spangled Emperor,Lethrinus nebulosus,147.86,-16.47,25.250000000000057
Reef Life Survey: Global reef fish dataset,2013-07-28,Common Coral Trout,Plectropomus leopardus,143.37,-12.4,23.86000000000007
"AIMS, Long-Term Fish Visual Census, Great Barrier Reef, Northeast Australia, 1992-2015",2013-09-07,Common Coral Trout,Plectropomus leopardus,152.471183,-21.999617,22.230000000000075
"AIMS, Long-Term Fish Visual Census, Great Barrier Reef, Northeast Australia, 1992-2015",2013-09-09,Common Coral Trout,Plectropomus leopardus,152.419783,-23.8835,22.260000000000048
"AIMS, Long-Term Fish Visual Census, Great Barrier Reef, Northeast Australia, 1992-2015",2013-09-12,Common Coral Trout,Plectropomus leopardus,152.302933,-23.796683,22.470000000000027
"AIMS, Long-Term Fish Visual Census, Great Barrier Reef, Northeast Australia, 1992-2015",2013-09-16,Common Coral Trout,Plectropomus leopardus,151.947133,-23.257383,22.35000000000008
iNaturalist Australia,2013-09-18,Snapper,Chrysophrys auratus,153.146496,-26.61746,22.900000000000034
"AIMS, Long-Term Fish Visual Census, Great Barrier Reef, Northeast Australia, 1992-2015",2013-11-24,Common Coral Trout,Plectropomus leopardus,152.613,-21.954433,25.760000000000048
"AIMS, Long-Term Fish Visual Census, Great Barrier Reef, Northeast Australia, 1992-2015",2013-12-05,Common Coral Trout,Plectropomus leopardus,151.6446,-21.408533,26.240000000000066
"AIMS, Long-Term Fish Visual Census, Great Barrier Reef, Northeast Australia, 1992-2015",2013-12-10,Common Coral Trout,Plectropomus leopardus,150.927033,-20.959883,26.470000000000027
iNaturalist Australia,2014-03-01,Snapper,Chrysophrys auratus,151.448943,-33.4614,NA
"AIMS, Long-Term Fish Visual Census, Great Barrier Reef, Northeast Australia, 1992-2015",2014-03-12,Common Coral Trout,Plectropomus leopardus,146.200017,-16.801417,28.460000000000036
"AIMS, Long-Term Fish Visual Census, Great Barrier Reef, Northeast Australia, 1992-2015",2014-03-17,Common Coral Trout,Plectropomus leopardus,146.022667,-16.49935,27.530000000000086
"AIMS, Long-Term Fish Visual Census, Great Barrier Reef, Northeast Australia, 1992-2015",2014-04-18,Common Coral Trout,Plectropomus leopardus,150.558167,-20.920117,26.540000000000077
"AIMS, Long-Term Fish Visual Census, Great Barrier Reef, Northeast Australia, 1992-2015",2014-04-19,Common Coral Trout,Plectropomus leopardus,150.53855,-20.991467,26.450000000000045
"Australian Institute of Marine Science (AIMS) Long-term Monitoring Program: Visual Census Fish Data (Great Barrier Reef), Australia (1992 to present)",2014-04-19,Common Coral Trout,Plectropomus leopardus,150.5599,-20.92185,26.450000000000045
"Hunter CMR - Cross shelf comparison BRUVS data, New South Wales, Australia (2014-2018)",2014-04-19,Snapper,Chrysophrys auratus,152.60909,-32.45249,24.140000000000043
"Hunter CMR - Cross shelf comparison BRUVS data, New South Wales, Australia (2014-2018)",2014-04-19,Snapper,Chrysophrys auratus,152.608,-32.45562,24.140000000000043
"Hunter CMR - Cross shelf comparison BRUVS data, New South Wales, Australia (2014-2018)",2014-04-19,Snapper,Chrysophrys auratus,152.608,-32.45562,24.140000000000043
"AIMS, Long-Term Fish Visual Census, Great Barrier Reef, Northeast Australia, 1992-2015",2014-04-20,Common Coral Trout,Plectropomus leopardus,150.535817,-20.993633,26.57000000000005
"AIMS, Long-Term Fish Visual Census, Great Barrier Reef, Northeast Australia, 1992-2015",2014-05-01,Common Coral Trout,Plectropomus leopardus,147.432667,-18.621567,26.980000000000075
"AIMS, Long-Term Fish Visual Census, Great Barrier Reef, Northeast Australia, 1992-2015",2014-05-02,Common Coral Trout,Plectropomus leopardus,147.7217,-18.652117,27.010000000000048
"AIMS, Long-Term Fish Visual Census, Great Barrier Reef, Northeast Australia, 1992-2015",2014-05-05,Common Coral Trout,Plectropomus leopardus,147.580383,-18.571783,26.62000000000006
Reef Life Survey: Global reef fish dataset,2014-05-23,Snapper,Chrysophrys auratus,152.32,-32.63,22.56000000000006
Reef Life Survey: Global reef fish dataset,2014-05-24,Snapper,Chrysophrys auratus,151.3,-33.8,22.970000000000027
"Australian Institute of Marine Science (AIMS) - Baited Remote Underwater Video Station (BRUVS), Australia (1999 to present)",2014-06-26,Common Coral Trout,Plectropomus leopardus,151.93864,-23.43465,22.900000000000034
"Australian Institute of Marine Science (AIMS) - Baited Remote Underwater Video Station (BRUVS), Australia (1999 to present)",2014-06-26,Common Coral Trout,Plectropomus leopardus,151.93226,-23.43406,22.900000000000034
"Australian Institute of Marine Science (AIMS) - Baited Remote Underwater Video Station (BRUVS), Australia (1999 to present)",2014-06-26,Common Coral Trout,Plectropomus leopardus,151.93226,-23.43406,22.900000000000034
"Australian Institute of Marine Science (AIMS) - Baited Remote Underwater Video Station (BRUVS), Australia (1999 to present)",2014-06-26,Spangled Emperor,Lethrinus nebulosus,151.93816,-23.43398,22.900000000000034
"Australian Institute of Marine Science (AIMS) - Baited Remote Underwater Video Station (BRUVS), Australia (1999 to present)",2014-06-27,Common Coral Trout,Plectropomus leopardus,151.93666,-23.43518,23.030000000000086
"Australian Institute of Marine Science (AIMS) - Baited Remote Underwater Video Station (BRUVS), Australia (1999 to present)",2014-06-27,Spangled Emperor,Lethrinus nebulosus,151.93336,-23.43459,23.030000000000086
"Australian Institute of Marine Science (AIMS) - Baited Remote Underwater Video Station (BRUVS), Australia (1999 to present)",2014-06-27,Spangled Emperor,Lethrinus nebulosus,151.93392,-23.43344,23.030000000000086
"Australian Institute of Marine Science (AIMS) - Baited Remote Underwater Video Station (BRUVS), Australia (1999 to present)",2014-06-28,Spangled Emperor,Lethrinus nebulosus,151.93816,-23.43398,23.06000000000006
"AIMS, Long-Term Fish Visual Census, Great Barrier Reef, Northeast Australia, 1992-2015",2014-08-17,Common Coral Trout,Plectropomus leopardus,152.18695,-21.862583,22.52000000000004
"AIMS, Long-Term Fish Visual Census, Great Barrier Reef, Northeast Australia, 1992-2015",2014-08-24,Common Coral Trout,Plectropomus leopardus,152.193467,-22.027367,21.800000000000068
iNaturalist Australia,2014-10-04,Snapper,Chrysophrys auratus,152.157806,-32.709078,NA
iNaturalist Australia,2014-10-31,Common Coral Trout,Plectropomus leopardus,152.761373,-24.117048,23.800000000000068
Reef Life Survey: Global reef fish dataset,2014-11-22,Snapper,Chrysophrys auratus,152.14,-32.72,NA
Reef Life Survey: Global reef fish dataset,2014-12-02,Snapper,Chrysophrys auratus,150.75,-35.18,NA
Reef Life Survey: Global reef fish dataset,2014-12-02,Snapper,Chrysophrys auratus,150.75,-35.18,NA
"AIMS, Long-Term Fish Visual Census, Great Barrier Reef, Northeast Australia, 1992-2015",2014-12-06,Common Coral Trout,Plectropomus leopardus,145.469233,-14.691467,27.540000000000077
"AIMS, Long-Term Fish Visual Census, Great Barrier Reef, Northeast Australia, 1992-2015",2014-12-06,Common Coral Trout,Plectropomus leopardus,145.462967,-14.6977,27.540000000000077
"Australian Institute of Marine Science (AIMS) Long-term Monitoring Program: Visual Census Fish Data (Great Barrier Reef), Australia (1992 to present)",2014-12-08,Common Coral Trout,Plectropomus leopardus,145.3514,-14.79255,27.490000000000066
Australian Museum provider for OZCAM,2015-01-10,Common Coral Trout,Plectropomus leopardus,151.254,-33.99641,NA
Lizard Island Research Station,2015-01-12,Common Coral Trout,Plectropomus leopardus,145.462229,-14.650447,28.680000000000064
"AIMS, Long-Term Fish Visual Census, Great Barrier Reef, Northeast Australia, 1992-2015",2015-01-17,Common Coral Trout,Plectropomus leopardus,149.918067,-19.6641,28.33000000000004
"AIMS, Long-Term Fish Visual Census, Great Barrier Reef, Northeast Australia, 1992-2015",2015-01-19,Common Coral Trout,Plectropomus leopardus,148.8769,-20.079667,NA
"AIMS, Long-Term Fish Visual Census, Great Barrier Reef, Northeast Australia, 1992-2015",2015-01-24,Common Coral Trout,Plectropomus leopardus,152.620133,-22.027667,28.58000000000004
"AIMS, Long-Term Fish Visual Census, Great Barrier Reef, Northeast Australia, 1992-2015",2015-01-24,Common Coral Trout,Plectropomus leopardus,152.619233,-22.022867,28.58000000000004
iNaturalist Australia,2015-02-20,Snapper,Chrysophrys auratus,144.984692,-37.924964,NA
iNaturalist Australia,2015-02-26,Snapper,Chrysophrys auratus,144.984123,-37.924818,NA
"AIMS, Long-Term Fish Visual Census, Great Barrier Reef, Northeast Australia, 1992-2015",2015-03-02,Common Coral Trout,Plectropomus leopardus,145.57095,-16.383517,29.700000000000045
"AIMS, Long-Term Fish Visual Census, Great Barrier Reef, Northeast Australia, 1992-2015",2015-03-16,Common Coral Trout,Plectropomus leopardus,147.08325,-18.6292,28.60000000000008
Reef Life Survey: Global reef fish dataset,2015-03-21,Snapper,Chrysophrys auratus,151.11,-34.07,NA
Reef Life Survey: Global reef fish dataset,2015-05-23,Snapper,Chrysophrys auratus,152.15,-32.71,NA
Reef Life Survey: Global reef fish dataset,2015-06-15,Common Coral Trout,Plectropomus leopardus,151.77,-23.25,23.27000000000004
Reef Life Survey: Global reef fish dataset,2015-07-15,Common Coral Trout,Plectropomus leopardus,147.11,-15.49,25.160000000000082
Reef Life Survey: Global reef fish dataset,2015-07-19,Common Coral Trout,Plectropomus leopardus,145.45,-14.65,24.700000000000045
Reef Life Survey: Global reef fish dataset,2015-07-27,Common Coral Trout,Plectropomus leopardus,143.4,-12.29,24.950000000000045
iNaturalist Australia,2015-07-29,Spangled Emperor,Lethrinus nebulosus,145.975211,-16.607812,24.740000000000066
Reef Life Survey: Global reef fish dataset,2015-07-30,Common Coral Trout,Plectropomus leopardus,144.45,-10.45,25.340000000000032
Reef Life Survey: Global reef fish dataset,2015-07-31,Common Coral Trout,Plectropomus leopardus,144.45,-10.43,25.180000000000064
Reef Life Survey: Global reef fish dataset,2015-07-31,Common Coral Trout,Plectropomus leopardus,144.43,-10.44,25.180000000000064
Queensland Museum provider for OZCAM,2015-09-17,Snapper,Chrysophrys auratus,153.23463,-27.425431,20.36000000000007
Reef Life Survey: Global reef fish dataset,2015-10-02,Snapper,Chrysophrys auratus,152.19,-32.74,NA
iNaturalist Australia,2015-10-05,Snapper,Chrysophrys auratus,144.98466,-37.924987,NA
"Australian Institute of Marine Science (AIMS) Long-term Monitoring Program: Visual Census Fish Data (Great Barrier Reef), Australia (1992 to present)",2015-10-07,Common Coral Trout,Plectropomus leopardus,151.91543,-23.1778,23.000000000000057
Queensland Museum provider for OZCAM,2015-10-10,Spangled Emperor,Lethrinus nebulosus,151.9148,-23.442298,22.950000000000045
"Australian Institute of Marine Science (AIMS) Long-term Monitoring Program: Visual Census Fish Data (Great Barrier Reef), Australia (1992 to present)",2015-10-15,Common Coral Trout,Plectropomus leopardus,152.37758,-23.84737,23.200000000000045
Reef Life Survey: Global reef fish dataset,2015-12-01,Common Coral Trout,Plectropomus leopardus,144.58,-10.15,28.410000000000082
Reef Life Survey: Global reef fish dataset,2015-12-01,Common Coral Trout,Plectropomus leopardus,144.57,-10.15,28.410000000000082
Reef Life Survey: Global reef fish dataset,2015-12-06,Common Coral Trout,Plectropomus leopardus,143.84,-10.06,28.030000000000086
Reef Life Survey: Global reef fish dataset,2015-12-07,Common Coral Trout,Plectropomus leopardus,143.72,-10.29,27.940000000000055
"Australian Institute of Marine Science (AIMS) Long-term Monitoring Program: Visual Census Fish Data (Great Barrier Reef), Australia (1992 to present)",2015-12-07,Common Coral Trout,Plectropomus leopardus,146.23933,-16.84967,27.780000000000086
"Australian Institute of Marine Science (AIMS) Long-term Monitoring Program: Visual Census Fish Data (Great Barrier Reef), Australia (1992 to present)",2015-12-15,Common Coral Trout,Plectropomus leopardus,146.39343,-17.52037,28.240000000000066
"Australian Institute of Marine Science (AIMS) Long-term Monitoring Program: Visual Census Fish Data (Great Barrier Reef), Australia (1992 to present)",2015-12-17,Common Coral Trout,Plectropomus leopardus,146.57807,-17.81453,28.08000000000004
Reef Life Survey: Cryptic Fish,2015-12-23,Common Coral Trout,Plectropomus leopardus,144.71,-14.01,28.140000000000043
iNaturalist Australia,2015-12-23,Snapper,Chrysophrys auratus,144.984628,-37.924955,NA
iNaturalist Australia,2016-01-01,Snapper,Chrysophrys auratus,144.983995,-37.925199,NA
"Australian Institute of Marine Science (AIMS) Long-term Monitoring Program: Visual Census Fish Data (Great Barrier Reef), Australia (1992 to present)",2016-01-09,Common Coral Trout,Plectropomus leopardus,152.58177,-21.42373,27.780000000000086
"Australian Institute of Marine Science (AIMS) Long-term Monitoring Program: Visual Census Fish Data (Great Barrier Reef), Australia (1992 to present)",2016-01-10,Common Coral Trout,Plectropomus leopardus,152.58538,-21.42512,28.07000000000005
"Australian Institute of Marine Science (AIMS) Long-term Monitoring Program: Visual Census Fish Data (Great Barrier Reef), Australia (1992 to present)",2016-01-18,Common Coral Trout,Plectropomus leopardus,152.61018,-21.9573,27.550000000000068
Reef Life Survey: Global reef fish dataset,2016-01-23,Common Coral Trout,Plectropomus leopardus,147.06,-18.44,28.710000000000036
Reef Life Survey: Global reef fish dataset,2016-01-27,Common Coral Trout,Plectropomus leopardus,147.08,-18.63,28.730000000000075
Reef Life Survey: Global reef fish dataset,2016-01-27,Common Coral Trout,Plectropomus leopardus,147.08,-18.63,28.730000000000075
Reef Life Survey: Global reef fish dataset,2016-01-29,Common Coral Trout,Plectropomus leopardus,147,-18.46,29.150000000000034
Reef Life Survey: Global reef fish dataset,2016-01-29,Common Coral Trout,Plectropomus leopardus,147,-18.46,29.150000000000034
Reef Life Survey: Global reef fish dataset,2016-02-02,Snapper,Chrysophrys auratus,152.16,-32.71,NA
"Australian Institute of Marine Science (AIMS) Long-term Monitoring Program: Visual Census Fish Data (Great Barrier Reef), Australia (1992 to present)",2016-03-04,Common Coral Trout,Plectropomus leopardus,150.9389,-20.88287,28.780000000000086
"Australian Institute of Marine Science (AIMS) Long-term Monitoring Program: Visual Census Fish Data (Great Barrier Reef), Australia (1992 to present)",2016-03-08,Spangled Emperor,Lethrinus nebulosus,150.78432,-21.05063,27.87000000000006
iNaturalist Australia,2016-03-09,Common Coral Trout,Plectropomus leopardus,152.392456,-23.907328,27.470000000000027
"Australian Institute of Marine Science (AIMS) Long-term Monitoring Program: Visual Census Fish Data (Great Barrier Reef), Australia (1992 to present)",2016-03-16,Common Coral Trout,Plectropomus leopardus,150.59695,-21.01378,28.56000000000006
Reef Life Survey: Global reef fish dataset,2016-04-01,Snapper,Chrysophrys auratus,150.77,-35.07,NA
Reef Life Survey: Global reef fish dataset,2016-04-02,Snapper,Chrysophrys auratus,150.79,-35.08,NA
Reef Life Survey: Global reef fish dataset,2016-04-02,Snapper,Chrysophrys auratus,150.79,-35.08,NA
Reef Life Survey: Global reef fish dataset,2016-04-04,Snapper,Chrysophrys auratus,150.71,-35.12,NA
Reef Life Survey: Global reef fish dataset,2016-04-12,Snapper,Chrysophrys auratus,151.27,-33.8,NA
Reef Life Survey: Global reef fish dataset,2016-04-12,Snapper,Chrysophrys auratus,151.28,-33.8,NA
Reef Life Survey: Global reef fish dataset,2016-04-18,Snapper,Chrysophrys auratus,152.91,-31.68,24.700000000000045
Reef Life Survey: Global reef fish dataset,2016-04-21,Snapper,Chrysophrys auratus,152.91,-31.68,24.410000000000082
Reef Life Survey: Global reef fish dataset,2016-04-22,Snapper,Chrysophrys auratus,152.33,-32.62,NA
Reef Life Survey: Global reef fish dataset,2016-04-25,Snapper,Chrysophrys auratus,152.15,-32.71,NA
"Australian Institute of Marine Science (AIMS) Long-term Monitoring Program: Visual Census Fish Data (Great Barrier Reef), Australia (1992 to present)",2016-05-02,Common Coral Trout,Plectropomus leopardus,147.05995,-18.43142,27.58000000000004
Reef Life Survey: Global reef fish dataset,2016-06-09,Common Coral Trout,Plectropomus leopardus,152.39,-19.1,26.390000000000043
"Australian Institute of Marine Science (AIMS) Long-term Monitoring Program: Visual Census Fish Data (Great Barrier Reef), Australia (1992 to present)",2016-09-01,Common Coral Trout,Plectropomus leopardus,145.37527,-14.76455,25.12000000000006
"Hunter CMR - Cross shelf comparison BRUVS data, New South Wales, Australia (2014-2018)",2016-11-10,Snapper,Chrysophrys auratus,152.60128,-32.44826,20.81000000000006
"Hunter CMR - Cross shelf comparison BRUVS data, New South Wales, Australia (2014-2018)",2016-11-10,Snapper,Chrysophrys auratus,152.60367,-32.46513,20.86000000000007
"Hunter CMR - Cross shelf comparison BRUVS data, New South Wales, Australia (2014-2018)",2016-11-10,Snapper,Chrysophrys auratus,152.60462,-32.4699,20.86000000000007
"Hunter CMR - Cross shelf comparison BRUVS data, New South Wales, Australia (2014-2018)",2016-11-30,Snapper,Chrysophrys auratus,152.60819,-32.45805,22.380000000000052
"Australian Institute of Marine Science (AIMS) Long-term Monitoring Program: Visual Census Fish Data (Great Barrier Reef), Australia (1992 to present)",2016-12-04,Common Coral Trout,Plectropomus leopardus,145.65245,-16.04495,28.230000000000075
"Australian Institute of Marine Science (AIMS) Long-term Monitoring Program: Visual Census Fish Data (Great Barrier Reef), Australia (1992 to present)",2016-12-15,Common Coral Trout,Plectropomus leopardus,145.51498,-14.74983,28.130000000000052
"Australian Institute of Marine Science (AIMS) Long-term Monitoring Program: Visual Census Fish Data (Great Barrier Reef), Australia (1992 to present)",2016-12-19,Common Coral Trout,Plectropomus leopardus,145.99932,-16.92195,28.920000000000073
Reef Life Survey: Global reef fish dataset,2016-12-23,Common Coral Trout,Plectropomus leopardus,142.97,-10.79,28.880000000000052
Reef Life Survey: Global reef fish dataset,2016-12-24,Common Coral Trout,Plectropomus leopardus,143.02,-11.11,29.390000000000043
Reef Life Survey: Cryptic Fish,2017-01-01,Common Coral Trout,Plectropomus leopardus,144.68,-14,28.87000000000006
Reef Life Survey: Global reef fish dataset,2017-01-02,Common Coral Trout,Plectropomus leopardus,145.45,-14.65,28.540000000000077
Reef Life Survey: Global reef fish dataset,2017-01-03,Common Coral Trout,Plectropomus leopardus,145.47,-14.68,28.490000000000066
Reef Life Survey: Global reef fish dataset,2017-01-03,Spangled Emperor,Lethrinus nebulosus,145.46,-14.69,28.490000000000066
Reef Life Survey: Global reef fish dataset,2017-01-04,Common Coral Trout,Plectropomus leopardus,145.45,-14.66,28.540000000000077
Reef Life Survey: Global reef fish dataset,2017-01-04,Common Coral Trout,Plectropomus leopardus,145.45,-14.66,28.540000000000077
Lizard Island Research Station,2017-01-11,Common Coral Trout,Plectropomus leopardus,145.439957,-14.683929,28.750000000000057
Lizard Island Research Station,2017-01-12,Common Coral Trout,Plectropomus leopardus,145.461122,-14.69993,28.81000000000006
Lizard Island Research Station,2017-01-12,Common Coral Trout,Plectropomus leopardus,145.446659,-14.698872,28.81000000000006
iNaturalist Australia,2017-01-12,Snapper,Chrysophrys auratus,153.23765,-26.632424,26.250000000000057
"Australian Institute of Marine Science (AIMS) Long-term Monitoring Program: Visual Census Fish Data (Great Barrier Reef), Australia (1992 to present)",2017-01-23,Common Coral Trout,Plectropomus leopardus,152.66857,-22.0018,28.490000000000066
Reef Life Survey: Global reef fish dataset,2017-02-03,Common Coral Trout,Plectropomus leopardus,148.72,-19.52,28.690000000000055
Reef Life Survey: Global reef fish dataset,2017-02-08,Common Coral Trout,Plectropomus leopardus,150.24,-21.65,28.57000000000005
Reef Life Survey: Global reef fish dataset,2017-02-12,Common Coral Trout,Plectropomus leopardus,151.87,-21.79,28.290000000000077
Reef Life Survey: Global reef fish dataset,2017-02-15,Common Coral Trout,Plectropomus leopardus,151.77,-23.25,28.490000000000066
Reef Life Survey: Global reef fish dataset,2017-02-15,Common Coral Trout,Plectropomus leopardus,151.78,-23.24,28.490000000000066
"Australian Institute of Marine Science (AIMS) Long-term Monitoring Program: Visual Census Fish Data (Great Barrier Reef), Australia (1992 to present)",2017-02-28,Common Coral Trout,Plectropomus leopardus,148.89940000000001,-20.05698,NA
iNaturalist Australia,2017-03-01,Snapper,Chrysophrys auratus,153.4275,-27.9707,NA
Reef Life Survey: Global reef fish dataset,2017-03-01,Snapper,Chrysophrys auratus,144.36,-38.33,NA
"Australian Institute of Marine Science (AIMS) Long-term Monitoring Program: Visual Census Fish Data (Great Barrier Reef), Australia (1992 to present)",2017-03-02,Common Coral Trout,Plectropomus leopardus,148.87383,-20.07795,NA
Reef Life Survey: Global reef fish dataset,2017-03-06,Common Coral Trout,Plectropomus leopardus,153.58,-21.92,28.77000000000004
"Australian Institute of Marine Science (AIMS) Long-term Monitoring Program: Visual Census Fish Data (Great Barrier Reef), Australia (1992 to present)",2017-03-06,Common Coral Trout,Plectropomus leopardus,149.4213,-19.8088,28.790000000000077
"Australian Institute of Marine Science (AIMS) Long-term Monitoring Program: Visual Census Fish Data (Great Barrier Reef), Australia (1992 to present)",2017-03-06,Spangled Emperor,Lethrinus nebulosus,149.43047,-19.80687,28.790000000000077
Reef Life Survey: Cryptic Fish,2017-03-08,Common Coral Trout,Plectropomus leopardus,152.54,-22.37,28.380000000000052
Reef Life Survey: Global reef fish dataset,2017-03-10,Common Coral Trout,Plectropomus leopardus,151.77,-23.5,28.36000000000007
Reef Life Survey: Global reef fish dataset,2017-03-10,Common Coral Trout,Plectropomus leopardus,151.78,-23.5,28.36000000000007
"Hunter CMR - Cross shelf comparison BRUVS data, New South Wales, Australia (2014-2018)",2017-04-06,Snapper,Chrysophrys auratus,152.45773,-32.57751,NA
"Hunter CMR - Cross shelf comparison BRUVS data, New South Wales, Australia (2014-2018)",2017-04-06,Snapper,Chrysophrys auratus,152.45773,-32.57751,NA
iNaturalist Australia,2017-04-16,Common Coral Trout,Plectropomus leopardus,152.710142,-24.109986,26.700000000000045
"Hunter CMR - Cross shelf comparison BRUVS data, New South Wales, Australia (2014-2018)",2017-04-18,Snapper,Chrysophrys auratus,152.59947,-32.44311,24.02000000000004
"Hunter CMR - Cross shelf comparison BRUVS data, New South Wales, Australia (2014-2018)",2017-04-18,Snapper,Chrysophrys auratus,152.54643,-32.51973,23.87000000000006
"Hunter CMR - Cross shelf comparison BRUVS data, New South Wales, Australia (2014-2018)",2017-04-18,Snapper,Chrysophrys auratus,152.55016,-32.5212,23.87000000000006
"Hunter CMR - Cross shelf comparison BRUVS data, New South Wales, Australia (2014-2018)",2017-04-18,Snapper,Chrysophrys auratus,152.55016,-32.5212,23.87000000000006
"Hunter CMR - Cross shelf comparison BRUVS data, New South Wales, Australia (2014-2018)",2017-04-18,Snapper,Chrysophrys auratus,152.59947,-32.44311,24.02000000000004
Reef Life Survey: Global reef fish dataset,2017-04-25,Snapper,Chrysophrys auratus,152.32,-32.63,23.740000000000066
Reef Life Survey: Global reef fish dataset,2017-04-25,Snapper,Chrysophrys auratus,152.32,-32.63,23.740000000000066
Reef Life Survey: Global reef fish dataset,2017-04-28,Snapper,Chrysophrys auratus,152.15,-32.71,NA
Fatty acid profiles of marine consumer from the Southern Hemisphere (1990-2018),2017-04-30,Common Coral Trout,Plectropomus leopardus,147.6,-18.6,26.540000000000077
"Australian Institute of Marine Science (AIMS) Long-term Monitoring Program: Visual Census Fish Data (Great Barrier Reef), Australia (1992 to present)",2017-05-01,Common Coral Trout,Plectropomus leopardus,147.08325,-18.6292,26.470000000000027
"Hunter CMR - Cross shelf comparison BRUVS data, New South Wales, Australia (2014-2018)",2017-05-02,Snapper,Chrysophrys auratus,152.49984,-32.57359,22.650000000000034
"Hunter CMR - Cross shelf comparison BRUVS data, New South Wales, Australia (2014-2018)",2017-05-02,Snapper,Chrysophrys auratus,152.5042,-32.57783,22.650000000000034
"Australian Institute of Marine Science (AIMS) Long-term Monitoring Program: Visual Census Fish Data (Great Barrier Reef), Australia (1992 to present)",2017-05-10,Common Coral Trout,Plectropomus leopardus,147.4519,-18.39987,26.33000000000004
iNaturalist Australia,2017-07-12,Spangled Emperor,Lethrinus nebulosus,152.718163,-24.11552,23.400000000000034
"Australian Institute of Marine Science (AIMS) Long-term Monitoring Program: Visual Census Fish Data (Great Barrier Reef), Australia (1992 to present)",2017-10-16,Common Coral Trout,Plectropomus leopardus,152.2784,-23.74518,25.170000000000073
"Australian Institute of Marine Science (AIMS) Long-term Monitoring Program: Visual Census Fish Data (Great Barrier Reef), Australia (1992 to present)",2017-10-20,Common Coral Trout,Plectropomus leopardus,151.75337,-23.53543,24.300000000000068
"Hunter CMR - Cross shelf comparison BRUVS data, New South Wales, Australia (2014-2018)",2017-11-03,Snapper,Chrysophrys auratus,152.4743,-32.58113,20.640000000000043
iNaturalist Australia,2017-11-15,Snapper,Chrysophrys auratus,153.146496,-26.617461,24.62000000000006
iNaturalist Australia,2017-11-17,Snapper,Chrysophrys auratus,153.106499,-26.360496,NA
"Australian Institute of Marine Science (AIMS) Long-term Monitoring Program: Visual Census Fish Data (Great Barrier Reef), Australia (1992 to present)",2017-12-13,Common Coral Trout,Plectropomus leopardus,146.11398,-16.65238,28.210000000000036
iNaturalist Australia,2017-12-26,Snapper,Chrysophrys auratus,144.983316,-37.910343,NA
iNaturalist Australia,2018-01-02,Snapper,Chrysophrys auratus,153.126583,-26.466117,26.62000000000006
"Australian Institute of Marine Science (AIMS) Long-term Monitoring Program: Visual Census Fish Data (Great Barrier Reef), Australia (1992 to present)",2018-01-22,Common Coral Trout,Plectropomus leopardus,152.58765,-21.4287,28.08000000000004
"Australian Institute of Marine Science (AIMS) Long-term Monitoring Program: Visual Census Fish Data (Great Barrier Reef), Australia (1992 to present)",2018-01-26,Common Coral Trout,Plectropomus leopardus,152.4686,-22.00337,27.790000000000077
"Australian Institute of Marine Science (AIMS) Long-term Monitoring Program: Visual Census Fish Data (Great Barrier Reef), Australia (1992 to present)",2018-01-27,Spangled Emperor,Lethrinus nebulosus,152.46347,-22.00395,27.490000000000066
"Australian Institute of Marine Science (AIMS) Long-term Monitoring Program: Visual Census Fish Data (Great Barrier Reef), Australia (1992 to present)",2018-01-29,Common Coral Trout,Plectropomus leopardus,152.5665,-21.46982,27.670000000000073
Lizard Island Research Station,2018-01-30,Common Coral Trout,Plectropomus leopardus,145.441431,-14.685033,29.06000000000006
"Australian Institute of Marine Science (AIMS) Long-term Monitoring Program: Visual Census Fish Data (Great Barrier Reef), Australia (1992 to present)",2018-01-31,Common Coral Trout,Plectropomus leopardus,152.6529,-21.9903,27.930000000000064
"Australian Institute of Marine Science (AIMS) Long-term Monitoring Program: Visual Census Fish Data (Great Barrier Reef), Australia (1992 to present)",2018-02-26,Common Coral Trout,Plectropomus leopardus,146.88105,-18.47492,29.160000000000082
"Australian Institute of Marine Science (AIMS) Long-term Monitoring Program: Visual Census Fish Data (Great Barrier Reef), Australia (1992 to present)",2018-03-17,Spangled Emperor,Lethrinus nebulosus,150.03278,-20.89943,27.670000000000073
"Australian Institute of Marine Science (AIMS) Long-term Monitoring Program: Visual Census Fish Data (Great Barrier Reef), Australia (1992 to present)",2018-03-19,Spangled Emperor,Lethrinus nebulosus,151.6446,-21.40853,27.010000000000048
"Hunter CMR - Cross shelf comparison BRUVS data, New South Wales, Australia (2014-2018)",2018-03-29,Snapper,Chrysophrys auratus,152.4743,-32.58113,24.440000000000055
"Hunter CMR - Cross shelf comparison BRUVS data, New South Wales, Australia (2014-2018)",2018-03-29,Snapper,Chrysophrys auratus,152.45605,-32.60397,NA
"Hunter CMR - Cross shelf comparison BRUVS data, New South Wales, Australia (2014-2018)",2018-03-29,Snapper,Chrysophrys auratus,152.47361,-32.58422,24.440000000000055
iNaturalist Australia,2018-03-30,Spangled Emperor,Lethrinus nebulosus,151.297173,-33.800243,23.170000000000073
"Hunter CMR - Cross shelf comparison BRUVS data, New South Wales, Australia (2014-2018)",2018-04-09,Snapper,Chrysophrys auratus,152.60367,-32.46513,24.86000000000007
"Hunter CMR - Cross shelf comparison BRUVS data, New South Wales, Australia (2014-2018)",2018-04-09,Snapper,Chrysophrys auratus,152.60367,-32.46513,24.86000000000007
"Hunter CMR - Cross shelf comparison BRUVS data, New South Wales, Australia (2014-2018)",2018-04-09,Snapper,Chrysophrys auratus,152.60367,-32.46513,24.86000000000007
"Australian Institute of Marine Science (AIMS) Long-term Monitoring Program: Visual Census Fish Data (Great Barrier Reef), Australia (1992 to present)",2018-04-19,Common Coral Trout,Plectropomus leopardus,147.00477,-18.46287,27.200000000000045
"Australian Institute of Marine Science (AIMS) Long-term Monitoring Program: Visual Census Fish Data (Great Barrier Reef), Australia (1992 to present)",2018-04-28,Common Coral Trout,Plectropomus leopardus,147.55398,-18.73237,26.840000000000032
"Australian Institute of Marine Science (AIMS) Long-term Monitoring Program: Visual Census Fish Data (Great Barrier Reef), Australia (1992 to present)",2018-04-28,Common Coral Trout,Plectropomus leopardus,147.72365,-18.66045,26.62000000000006
iNaturalist Australia,2018-05-09,Snapper,Chrysophrys auratus,152.151111,-32.715,NA
iNaturalist Australia,2018-05-11,Spangled Emperor,Lethrinus nebulosus,153.429565,-27.92162,NA
iNaturalist Australia,2018-07-15,Common Coral Trout,Plectropomus leopardus,152.712035,-24.110551,22.87000000000006
iNaturalist Australia,2018-10-17,Snapper,Chrysophrys auratus,151.3075,-33.7387,NA
iNaturalist Australia,2018-11-24,Snapper,Chrysophrys auratus,152.151632,-32.714448,NA
iNaturalist Australia,2018-12-08,Snapper,Chrysophrys auratus,152.150693,-32.714144,NA
iNaturalist Australia,2019-01-05,Snapper,Chrysophrys auratus,144.984477,-37.925072,NA
iNaturalist Australia,2019-01-12,Spangled Emperor,Lethrinus nebulosus,151.295493,-33.799146,22.240000000000066
iNaturalist Australia,2019-02-14,Snapper,Chrysophrys auratus,151.157835,-34.070179,NA
iNaturalist Australia,2019-03-13,Snapper,Chrysophrys auratus,150.736488,-34.907482,NA
iNaturalist Australia,2019-04-11,Snapper,Chrysophrys auratus,151.15811,-34.070288,NA
iNaturalist Australia,2019-04-26,Snapper,Chrysophrys auratus,151.129854,-34.069425,NA
iNaturalist Australia,2019-05-07,Snapper,Chrysophrys auratus,151.130072,-34.069029,NA
iNaturalist Australia,2019-05-18,Snapper,Chrysophrys auratus,151.295332,-33.800374,23.090000000000032
iNaturalist Australia,2019-06-10,Snapper,Chrysophrys auratus,151.229972,-33.99183,NA
iNaturalist Australia,2019-06-23,Snapper,Chrysophrys auratus,151.130067,-34.069111,NA
iNaturalist Australia,2019-08-02,Snapper,Chrysophrys auratus,153.628561,-28.611482,21.85000000000008
iNaturalist Australia,2019-08-12,Spangled Emperor,Lethrinus nebulosus,151.295278,-33.800278,19.030000000000086
iNaturalist Australia,2019-09-03,Spangled Emperor,Lethrinus nebulosus,152.709916,-24.111786,22.930000000000064
iNaturalist Australia,2019-09-22,Snapper,Chrysophrys auratus,152.912914,-25.292787,NA
iNaturalist Australia,2019-11-23,Snapper,Chrysophrys auratus,152.316931,-32.629577,21.58000000000004
iNaturalist Australia,2019-12-29,Snapper,Chrysophrys auratus,151.262456,-33.870587,NA
iNaturalist Australia,2020-01-24,Snapper,Chrysophrys auratus,152.151247,-32.713996,NA
iNaturalist Australia,2020-02-01,Snapper,Chrysophrys auratus,144.823057,-38.36555,20.31000000000006
iNaturalist Australia,2020-02-01,Snapper,Chrysophrys auratus,144.822748,-38.367996,20.31000000000006
iNaturalist Australia,2020-03-08,Snapper,Chrysophrys auratus,144.615985,-38.293199,NA
iNaturalist Australia,2020-04-12,Snapper,Chrysophrys auratus,151.640453,-33.085837,NA
iNaturalist Australia,2020-05-31,Snapper,Chrysophrys auratus,151.232161,-33.992166,NA
iNaturalist Australia,2020-06-05,Spangled Emperor,Lethrinus nebulosus,151.295127,-33.79998,19.410000000000082
iNaturalist Australia,2020-06-09,Snapper,Chrysophrys auratus,151.296122,-33.799565,19.450000000000045
iNaturalist Australia,2020-06-26,Snapper,Chrysophrys auratus,151.129877,-34.068895,NA
iNaturalist Australia,2020-08-29,Snapper,Chrysophrys auratus,151.297188,-33.799019,16.900000000000034
Lizard Island Research Station,2020-08-31,Common Coral Trout,Plectropomus leopardus,145.441559,-14.692373,24.83000000000004
iNaturalist Australia,2020-09-05,Snapper,Chrysophrys auratus,151.230247,-33.991698,NA
iNaturalist Australia,2020-09-07,Snapper,Chrysophrys auratus,151.130324,-34.067893,NA
iNaturalist Australia,2020-09-26,Spangled Emperor,Lethrinus nebulosus,151.294111,-33.800349,18.130000000000052
iNaturalist Australia,2020-10-10,Snapper,Chrysophrys auratus,145.083946,-38.011432,NA
Earth Guardians Weekly Feed,2020-10-13,Snapper,Chrysophrys auratus,150.9,-34.7,17.980000000000075
iNaturalist Australia,2020-11-19,Snapper,Chrysophrys auratus,144.984991,-37.926218,NA
iNaturalist Australia,2020-12-19,Snapper,Chrysophrys auratus,151.215221,-34.00333,NA
iNaturalist Australia,2021-01-19,Snapper,Chrysophrys auratus,151.13,-34.06908,NA
iNaturalist Australia,2021-01-22,Snapper,Chrysophrys auratus,144.991558,-37.931878,NA
iNaturalist Australia,2021-01-23,Snapper,Chrysophrys auratus,152.323982,-32.598487,NA
iNaturalist Australia,2021-03-01,Snapper,Chrysophrys auratus,151.129764,-34.069105,NA
iNaturalist Australia,2021-03-03,Spangled Emperor,Lethrinus nebulosus,159.067848,-31.517789,23.710000000000036
Victorian Biodiversity Atlas,2021-04-01,Snapper,Chrysophrys auratus,144.9101,-37.8013,NA
iNaturalist Australia,2021-04-19,Snapper,Chrysophrys auratus,151.225838,-34.002625,NA
iNaturalist Australia,2021-04-22,Spangled Emperor,Lethrinus nebulosus,151.296223,-33.799305,21.440000000000055
iNaturalist Australia,2021-04-23,Snapper,Chrysophrys auratus,151.157741,-34.071435,NA
iNaturalist Australia,2021-06-15,Snapper,Chrysophrys auratus,151.295013,-33.80045,19.690000000000055
iNaturalist Australia,2021-07-21,Snapper,Chrysophrys auratus,153.401994,-27.503936,NA
iNaturalist Australia,2021-08-19,Spangled Emperor,Lethrinus nebulosus,147.62,-19.3044,23.08000000000004
iNaturalist Australia,2021-08-22,Snapper,Chrysophrys auratus,151.293276,-33.798986,17.60000000000008
iNaturalist Australia,2021-08-23,Snapper,Chrysophrys auratus,151.130164,-34.068387,NA
iNaturalist Australia,2021-10-10,Snapper,Chrysophrys auratus,151.229972,-33.99183,NA
iNaturalist Australia,2021-10-16,Snapper,Chrysophrys auratus,151.295332,-33.800374,18.220000000000027
iNaturalist Australia,2021-10-20,Snapper,Chrysophrys auratus,151.295325,-33.800158,18.61000000000007
iNaturalist Australia,2021-11-18,Snapper,Chrysophrys auratus,151.296409,-33.800273,20.06000000000006
iNaturalist Australia,2021-11-20,Snapper,Chrysophrys auratus,152.316236,-32.629556,21.210000000000036
iNaturalist Australia,2021-12-17,Snapper,Chrysophrys auratus,151.158043,-34.071021,NA
iNaturalist Australia,2021-12-17,Snapper,Chrysophrys auratus,144.991857,-37.932256,NA
iNaturalist Australia,2021-12-20,Snapper,Chrysophrys auratus,151.231761,-33.813804,NA
iNaturalist Australia,2021-12-31,Snapper,Chrysophrys auratus,151.640616,-33.086332,NA
iNaturalist Australia,2022-01-11,Snapper,Chrysophrys auratus,151.149186,-34.057864,NA
iNaturalist Australia,2022-01-24,Snapper,Chrysophrys auratus,151.296896,-33.800201,23.630000000000052
iNaturalist Australia,2022-02-07,Snapper,Chrysophrys auratus,145.030861,-37.994539,NA
iNaturalist Australia,2022-02-10,Snapper,Chrysophrys auratus,151.111148,-34.069215,NA
iNaturalist Australia,2022-02-14,Snapper,Chrysophrys auratus,144.990528,-37.932635,NA
iNaturalist Australia,2022-04-23,Common Coral Trout,Plectropomus leopardus,152.711394,-24.110496,26.06000000000006
iNaturalist Australia,2022-04-27,Common Coral Trout,Plectropomus leopardus,151.909769,-23.441548,25.500000000000057
iNaturalist Australia,2022-04-29,Spangled Emperor,Lethrinus nebulosus,151.910681,-23.442131,25.240000000000066
iNaturalist Australia,2022-05-01,Snapper,Chrysophrys auratus,151.294402,-33.800102,23.210000000000036
iNaturalist Australia,2022-05-02,Snapper,Chrysophrys auratus,152.150858,-32.714318,NA
iNaturalist Australia,2022-05-08,Spangled Emperor,Lethrinus nebulosus,151.299009,-33.797084,23.090000000000032
iNaturalist Australia,2022-06-01,Common Coral Trout,Plectropomus leopardus,147.193533,-18.552812,26.36000000000007
iNaturalist Australia,2022-06-26,Spangled Emperor,Lethrinus nebulosus,153.26693,-30.205483,21.300000000000068
iNaturalist Australia,2022-06-27,Snapper,Chrysophrys auratus,153.551509,-27.390563,22.230000000000075
iNaturalist Australia,2022-07-30,Common Coral Trout,Plectropomus leopardus,151.925585,-23.432991,21.210000000000036
iNaturalist Australia,2022-08-27,Snapper,Chrysophrys auratus,151.296296,-33.799666,18.27000000000004
iNaturalist Australia,2022-08-31,Common Coral Trout,Plectropomus leopardus,152.709949,-24.110456,22.010000000000048
iNaturalist Australia,2022-09-27,Spangled Emperor,Lethrinus nebulosus,151.296235,-33.799648,18.130000000000052
iNaturalist Australia,2022-10-09,Common Coral Trout,Plectropomus leopardus,147.068622,-18.620014,26.440000000000055
iNaturalist Australia,2022-10-14,Spangled Emperor,Lethrinus nebulosus,145.974009,-16.606541,27.300000000000068
iNaturalist Australia,2022-10-15,Snapper,Chrysophrys auratus,151.229972,-33.99183,NA
iNaturalist Australia,2022-10-23,Spangled Emperor,Lethrinus nebulosus,152.718677,-24.114728,23.950000000000045
iNaturalist Australia,2022-10-31,Spangled Emperor,Lethrinus nebulosus,146.868478,-19.153526,NA
iNaturalist Australia,2022-11-30,Snapper,Chrysophrys auratus,152.148835,-32.712647,NA
iNaturalist Australia,2022-12-11,Spangled Emperor,Lethrinus nebulosus,159.066348,-31.516321,20.58000000000004
iNaturalist Australia,2023-01-07,Common Coral Trout,Plectropomus leopardus,146.220444,-16.875327,29.32000000000005
iNaturalist Australia,2023-01-10,Snapper,Chrysophrys auratus,151.130033,-34.068541,NA
iNaturalist Australia,2023-01-22,Common Coral Trout,Plectropomus leopardus,151.909777,-23.442238,26.340000000000032
iNaturalist Australia,2023-01-24,Common Coral Trout,Plectropomus leopardus,151.906381,-23.439962,26.700000000000045
iNaturalist Australia,2023-01-25,Snapper,Chrysophrys auratus,144.98982,-37.930896,NA
iNaturalist Australia,2023-01-27,Common Coral Trout,Plectropomus leopardus,151.908983,-23.44274,27.040000000000077
iNaturalist Australia,2023-02-24,Snapper,Chrysophrys auratus,144.991879,-37.932805,NA
iNaturalist Australia,2023-03-07,Snapper,Chrysophrys auratus,151.276761,-33.849548,NA
iNaturalist Australia,2023-03-13,Snapper,Chrysophrys auratus,144.99113,-37.932783,NA
iNaturalist Australia,2023-03-22,Snapper,Chrysophrys auratus,151.294946,-33.798697,23.660000000000082
iNaturalist Australia,2023-03-23,Snapper,Chrysophrys auratus,151.29531,-33.800465,23.710000000000036
iNaturalist Australia,2023-03-26,Snapper,Chrysophrys auratus,151.130249,-34.068433,NA
iNaturalist Australia,2023-04-05,Snapper,Chrysophrys auratus,152.8544,-24.924684,26.910000000000082
iNaturalist Australia,2023-04-07,Snapper,Chrysophrys auratus,151.276761,-33.849548,NA
iNaturalist Australia,2023-04-15,Common Coral Trout,Plectropomus leopardus,147.268792,-18.746605,29.31000000000006
iNaturalist Australia,2023-04-21,Snapper,Chrysophrys auratus,151.111329,-34.069246,NA
iNaturalist Australia,2023-04-26,Snapper,Chrysophrys auratus,151.130105,-34.069084,NA
iNaturalist Australia,2023-04-29,Spangled Emperor,Lethrinus nebulosus,151.277744,-33.839307,NA
iNaturalist Australia,2023-05-01,Snapper,Chrysophrys auratus,152.8544,-24.924684,24.33000000000004
iNaturalist Australia,2023-06-03,Spangled Emperor,Lethrinus nebulosus,153.400589,-27.503678,NA
iNaturalist Australia,2023-06-13,Spangled Emperor,Lethrinus nebulosus,151.294992,-33.799134,18.82000000000005
iNaturalist Australia,2023-06-18,Common Coral Trout,Plectropomus leopardus,147.101509,-18.688328,25.11000000000007
iNaturalist Australia,2023-06-18,Common Coral Trout,Plectropomus leopardus,147.103513,-18.690298,25.11000000000007
iNaturalist Australia,2023-06-21,Common Coral Trout,Plectropomus leopardus,152.714019,-24.11288,23.280000000000086
iNaturalist Australia,2023-07-19,Common Coral Trout,Plectropomus leopardus,145.98211,-16.46265,25.240000000000066
iNaturalist Australia,2023-07-28,Snapper,Chrysophrys auratus,153.400436,-27.503686,NA
iNaturalist Australia,2023-07-28,Snapper,Chrysophrys auratus,153.400467,-27.503681,NA
iNaturalist Australia,2023-08-07,Snapper,Chrysophrys auratus,153.402267,-27.503972,NA
iNaturalist Australia,2023-08-10,Common Coral Trout,Plectropomus leopardus,152.710233,-24.110965,22.840000000000032
iNaturalist Australia,2023-08-13,Common Coral Trout,Plectropomus leopardus,152.710163,-24.110395,22.780000000000086
iNaturalist Australia,2023-08-18,Snapper,Chrysophrys auratus,151.324642,-33.483149,NA
iNaturalist Australia,2023-08-31,Snapper,Chrysophrys auratus,151.228249,-34.003095,NA
iNaturalist Australia,2023-09-09,Common Coral Trout,Plectropomus leopardus,147.297285,-18.624612,25.12000000000006
iNaturalist Australia,2023-09-17,Common Coral Trout,Plectropomus leopardus,145.893669,-16.224083,24.920000000000073
iNaturalist Australia,2023-09-17,Snapper,Chrysophrys auratus,151.278541,-33.839343,NA
iNaturalist Australia,2023-10-07,Spangled Emperor,Lethrinus nebulosus,148.261804,-19.978158,NA
iNaturalist Australia,2023-10-11,Snapper,Chrysophrys auratus,152.151632,-32.714448,NA
iNaturalist Australia,2023-10-25,Common Coral Trout,Plectropomus leopardus,145.446052,-14.66573,25.950000000000045
iNaturalist Australia,2023-10-25,Common Coral Trout,Plectropomus leopardus,145.463777,-14.668043,25.970000000000027
iNaturalist Australia,2023-10-25,Spangled Emperor,Lethrinus nebulosus,145.45239,-14.659157,25.950000000000045
iNaturalist Australia,2023-10-26,Common Coral Trout,Plectropomus leopardus,145.488814,-14.64959,26.000000000000057
iNaturalist Australia,2023-10-29,Common Coral Trout,Plectropomus leopardus,146.48674,-18.651241,26.530000000000086
iNaturalist Australia,2023-11-02,Spangled Emperor,Lethrinus nebulosus,149.184636,-16.945721,26.230000000000075
iNaturalist Australia,2023-11-15,Snapper,Chrysophrys auratus,151.111329,-34.069246,NA
iNaturalist Australia,2023-11-16,Snapper,Chrysophrys auratus,152.157773,-32.708051,NA
iNaturalist Australia,2023-11-16,Snapper,Chrysophrys auratus,152.157838,-32.708996,NA
iNaturalist Australia,2023-11-18,Snapper,Chrysophrys auratus,152.157912,-32.707537,NA
iNaturalist Australia,2023-11-24,Snapper,Chrysophrys auratus,150.901594,-34.597665,20.81000000000006
iNaturalist Australia,2023-11-24,Snapper,Chrysophrys auratus,153.346405,-29.402317,NA
iNaturalist Australia,2023-11-27,Snapper,Chrysophrys auratus,151.230282,-33.991301,NA
iNaturalist Australia,2023-11-28,Snapper,Chrysophrys auratus,153.182112,-27.445539,NA
iNaturalist Australia,2023-12-06,Snapper,Chrysophrys auratus,144.990673,-37.930961,NA
iNaturalist Australia,2024-01-02,Spangled Emperor,Lethrinus nebulosus,151.640778,-33.086557,NA
iNaturalist Australia,2024-01-03,Common Coral Trout,Plectropomus leopardus,152.404411,-23.896591,28.06000000000006
iNaturalist Australia,2024-01-07,Snapper,Chrysophrys auratus,144.990977,-37.932155,NA
iNaturalist Australia,2024-01-15,Snapper,Chrysophrys auratus,151.244934,-33.808238,NA
iNaturalist Australia,2024-01-17,Spangled Emperor,Lethrinus nebulosus,153.145671,-26.616738,26.390000000000043
iNaturalist Australia,2024-01-23,Snapper,Chrysophrys auratus,144.990571,-37.931556,NA
iNaturalist Australia,2024-01-28,Snapper,Chrysophrys auratus,151.253693,-33.839962,NA
iNaturalist Australia,2024-01-28,Spangled Emperor,Lethrinus nebulosus,147.068622,-18.620014,29.250000000000057
iNaturalist Australia,2024-02-11,Snapper,Chrysophrys auratus,145.030861,-37.994539,NA
iNaturalist Australia,2024-02-14,Snapper,Chrysophrys auratus,144.482055,-38.215467,NA
iNaturalist Australia,2024-02-18,Snapper,Chrysophrys auratus,145.030861,-37.994539,NA
iNaturalist Australia,2024-02-21,Snapper,Chrysophrys auratus,144.990807,-37.931919,NA
iNaturalist Australia,2024-02-26,Spangled Emperor,Lethrinus nebulosus,151.294817,-33.798758,25.170000000000073
iNaturalist Australia,2024-02-27,Snapper,Chrysophrys auratus,151.111329,-34.069246,NA
iNaturalist Australia,2024-03-10,Snapper,Chrysophrys auratus,145.037977,-37.996462,NA
iNaturalist Australia,2024-03-10,Snapper,Chrysophrys auratus,145.037977,-37.996462,NA
iNaturalist Australia,2024-03-10,Snapper,Chrysophrys auratus,149.905866,-37.071327,NA
iNaturalist Australia,2024-03-11,Snapper,Chrysophrys auratus,145.037684,-37.996264,NA
iNaturalist Australia,2024-03-11,Snapper,Chrysophrys auratus,144.773301,-38.357143,21.730000000000075
iNaturalist Australia,2024-03-16,Snapper,Chrysophrys auratus,151.295425,-33.80008,24.240000000000066
iNaturalist Australia,2024-03-17,Snapper,Chrysophrys auratus,145.0338,-37.996763,NA
iNaturalist Australia,2024-03-18,Spangled Emperor,Lethrinus nebulosus,151.294777,-33.799207,23.970000000000027
iNaturalist Australia,2024-03-29,Spangled Emperor,Lethrinus nebulosus,151.295104,-33.799405,22.300000000000068
iNaturalist Australia,2024-03-31,Snapper,Chrysophrys auratus,145.022504,-37.990401,NA
iNaturalist Australia,2024-04-04,Common Coral Trout,Plectropomus leopardus,147.06934,-18.615021,28.290000000000077
