id,date,depth,temp,sal,lon,lat,scientific_name,common_name,sex
Monique,2022-10-09,2,29.404,34.911,135.1204916621135,-11.67503362634313,Natator depressus,Flatback Turtle,Female
Monique,2022-10-11,2,29.738,34.784,135.163822782874,-11.69956362721758,Natator depressus,Flatback Turtle,Female
Monique,2022-10-12,3,29.532,34.644,135.1166269920176,-11.59644032030272,Natator depressus,Flatback Turtle,Female
Monique,2022-10-13,12,29.098,34.456,135.1128639133829,-11.54450708394059,Natator depressus,Flatback Turtle,Female
Monique,2022-10-14,12,29.107,34.31,134.9851596529268,-11.44946511591976,Natator depressus,Flatback Turtle,Female
Monique,2022-10-15,5.5,29.407,34.391,134.9060616159912,-11.52858453062252,Natator depressus,Flatback Turtle,Female
Monique,2022-10-16,30,29.3,34.669,134.7225644059903,-11.48889167336591,Natator depressus,Flatback Turtle,Female
Monique,2022-10-17,10,29.452,34.182,134.3813357239943,-11.24572898496221,Natator depressus,Flatback Turtle,Female
Monique,2022-10-18,22,28.837,34.474,134.2877050203834,-11.13538009546682,Natator depressus,Flatback Turtle,Female
Monique,2022-10-19,16,29.167,34.323,134.2202308007286,-11.03528406231098,Natator depressus,Flatback Turtle,Female
Monique,2022-10-20,50,27.275,34.267,133.9935591963763,-10.70538830139896,Natator depressus,Flatback Turtle,Female
Monique,2022-10-21,50,27.388,34.301,133.9019844289357,-10.52924072695847,Natator depressus,Flatback Turtle,Female
Monique,2022-10-22,50,27.289,34.037,133.7252032952333,-10.35355852969917,Natator depressus,Flatback Turtle,Female
Monique,2022-10-23,21,29.853,33.601,133.5010243467918,-10.34549921587207,Natator depressus,Flatback Turtle,Female
Monique,2022-10-24,2,30.378,33.699,133.4065098538198,-10.36647888755024,Natator depressus,Flatback Turtle,Female
Monique,2022-10-25,2,30.336,33.595,133.1960618821591,-10.39426886586318,Natator depressus,Flatback Turtle,Female
Monique,2022-10-26,30,28.741,33.924,132.8862755450254,-10.42865764493161,Natator depressus,Flatback Turtle,Female
Monique,2022-10-27,33,28.926,33.818,132.7427269151335,-10.45602968101087,Natator depressus,Flatback Turtle,Female
Monique,2022-10-28,35,28.89,33.874,132.5297186028969,-10.44475073492205,Natator depressus,Flatback Turtle,Female
Monique,2022-10-29,50,26.584,34.252,132.3344221676988,-10.4710901093941,Natator depressus,Flatback Turtle,Female
Monique,2022-10-30,47.5,26.778,34.307,132.1765603826394,-10.44415973002687,Natator depressus,Flatback Turtle,Female
Monique,2022-10-31,37.5,29.847,34.403,132.1017695404227,-10.39674414559929,Natator depressus,Flatback Turtle,Female
Monique,2022-11-01,30,28.9,33.828,131.7595615066425,-10.38339944682825,Natator depressus,Flatback Turtle,Female
Monique,2022-11-02,59.5,26.413,34.154,131.3924950944332,-10.44316417791543,Natator depressus,Flatback Turtle,Female
Monique,2022-11-03,30,28.6,34.014,131.2846287182257,-10.45225012403309,Natator depressus,Flatback Turtle,Female
Monique,2022-11-04,58.5,25.341,34.362,131.1791986303967,-10.47703503422709,Natator depressus,Flatback Turtle,Female
Monique,2022-11-05,20,30.479,33.965,131.1277782224938,-10.46523454326893,Natator depressus,Flatback Turtle,Female
Monique,2022-11-06,50,27.599,34.301,130.9627284108306,-10.49201198981481,Natator depressus,Flatback Turtle,Female
Monique,2022-11-07,10,30.502,34.13,130.6233438667627,-10.52939827893438,Natator depressus,Flatback Turtle,Female
Monique,2022-11-08,50,28.977,34.24,130.2516162270212,-10.58699156408279,Natator depressus,Flatback Turtle,Female
Monique,2022-11-09,15,30.347,34.097,130.1639312142738,-10.60484037005058,Natator depressus,Flatback Turtle,Female
Monique,2022-11-10,12,29.866,34.08,129.9516733831029,-10.62984975078697,Natator depressus,Flatback Turtle,Female
Monique,2022-11-11,18.5,30.048,34.134,129.590342297789,-10.78028756512744,Natator depressus,Flatback Turtle,Female
Monique,2022-11-12,21.5,30.17,34.056,129.5075148489847,-10.7481220709551,Natator depressus,Flatback Turtle,Female
Monique,2022-11-13,10,30.389,33.642,129.1683716146749,-10.80591629597344,Natator depressus,Flatback Turtle,Female
Monique,2022-11-14,10,30.434,33.56,129.163422507912,-10.72292003154518,Natator depressus,Flatback Turtle,Female
Monique,2022-11-15,15.5,30.118,32.454,129.1260233657276,-10.71881920950753,Natator depressus,Flatback Turtle,Female
Monique,2022-11-16,18,30.569,32.7,129.0225665768921,-10.7602362119498,Natator depressus,Flatback Turtle,Female
Monique,2022-11-17,2,30.722,31.101,128.6169450936579,-11.03712755371469,Natator depressus,Flatback Turtle,Female
Monique,2022-11-18,42.5,28.94,31.072,128.4625688474637,-11.07140492095804,Natator depressus,Flatback Turtle,Female
Monique,2022-11-19,90.5,26.874,30.496,128.2789169535848,-11.14007290264372,Natator depressus,Flatback Turtle,Female
Monique,2022-11-20,15,30.65,31.015,128.0473699818753,-11.2767120676148,Natator depressus,Flatback Turtle,Female
Monique,2022-11-21,17.5,29.693,28.892,127.5691396632607,-11.52685162691527,Natator depressus,Flatback Turtle,Female
Monique,2022-11-22,2,29.918,28.618,127.0932539449173,-11.47590152986712,Natator depressus,Flatback Turtle,Female
Monique,2022-11-23,20,28.831,26.626,126.8009683766541,-11.33642820230314,Natator depressus,Flatback Turtle,Female
Monique,2022-11-24,40,28.09,28.041,126.6623806292019,-11.29443244327687,Natator depressus,Flatback Turtle,Female
Monique,2022-11-25,26.5,29.191,28.093,126.5355510733223,-11.34298366825507,Natator depressus,Flatback Turtle,Female
Monique,2022-11-26,40,28.098,26.277,126.3241743982149,-11.36000621477092,Natator depressus,Flatback Turtle,Female
Monique,2022-11-27,29,28.604,25.902,126.2932730985485,-11.34263845113259,Natator depressus,Flatback Turtle,Female
Monique,2022-11-28,10,30.068,26.441,126.3001935992289,-11.45119440121335,Natator depressus,Flatback Turtle,Female
Monique,2022-11-29,60.5,27.494,26.248,126.2117013498009,-11.60780442658211,Natator depressus,Flatback Turtle,Female
Monique,2022-11-30,84,27.594,24.886,126.1264703692458,-11.64779504553406,Natator depressus,Flatback Turtle,Female
Monique,2022-12-01,25,29.625,25.007,126.0602017413937,-11.72408687603563,Natator depressus,Flatback Turtle,Female
Monique,2022-12-02,21,29.186,25.315,125.8686699213766,-11.8654964993599,Natator depressus,Flatback Turtle,Female
Monique,2022-12-03,30,29.582,25.177,125.705157451942,-11.99899202091142,Natator depressus,Flatback Turtle,Female
Monique,2022-12-04,59,28.789,24.943,125.5623669447486,-12.14316859801392,Natator depressus,Flatback Turtle,Female
Monique,2022-12-05,70,27.443,24.717,125.4929312486103,-12.34948168021202,Natator depressus,Flatback Turtle,Female
Monique,2022-12-06,70,27.876,24.943,125.7639340259668,-12.41819244682349,Natator depressus,Flatback Turtle,Female
Monique,2022-12-07,63,27.906,24.998,125.7360763006685,-12.45701585573389,Natator depressus,Flatback Turtle,Female
Monique,2022-12-08,14,30.067,24.756,125.9436345619192,-12.30383232875673,Natator depressus,Flatback Turtle,Female
Monique,2022-12-09,80,28.03,25.044,125.9131422363978,-12.26973463467257,Natator depressus,Flatback Turtle,Female
Monique,2022-12-10,69.5,27.982,25.119,125.9260162177714,-12.27501409718741,Natator depressus,Flatback Turtle,Female
Monique,2022-12-11,20,29.346,25.63,125.9028551096219,-12.3896834006056,Natator depressus,Flatback Turtle,Female
Monique,2022-12-12,55.5,27.736,24.527,125.8630155184617,-12.46529885277249,Natator depressus,Flatback Turtle,Female
Monique,2022-12-13,15,30.498,24.613,125.7936911763693,-12.51542787615378,Natator depressus,Flatback Turtle,Female
Monique,2022-12-14,40,28.396,24.049,125.7381926590028,-12.82427151486586,Natator depressus,Flatback Turtle,Female
Monique,2022-12-15,18,30.483,24.445,125.7229009480726,-12.9297089518654,Natator depressus,Flatback Turtle,Female
Monique,2022-12-16,35,28.504,24.524,125.6606960622896,-13.06403606610553,Natator depressus,Flatback Turtle,Female
Monique,2022-12-17,35,28.281,24.314,125.5617126533255,-13.16266268341575,Natator depressus,Flatback Turtle,Female
Monique,2022-12-18,5,30.444,24.923,125.4224548214625,-13.2834199376711,Natator depressus,Flatback Turtle,Female
Monique,2022-12-19,10,30.3,24.102,125.29324634167,-13.41041940376551,Natator depressus,Flatback Turtle,Female
Monique,2022-12-20,30,27.857,23.985,125.0413329618089,-13.63689322773248,Natator depressus,Flatback Turtle,Female
Monique,2022-12-21,35,28.146,24.543,124.8902592430687,-13.77631640219889,Natator depressus,Flatback Turtle,Female
Monique,2022-12-22,57,27.238,23.38,124.7555700379399,-13.96769953127247,Natator depressus,Flatback Turtle,Female
Monique,2022-12-23,40,27.779,23.67,124.6436699336698,-14.05426272579496,Natator depressus,Flatback Turtle,Female
Monique,2022-12-24,34,28.652,23.783,124.5588685739494,-14.10119046834047,Natator depressus,Flatback Turtle,Female
Monique,2022-12-25,30,29.496,23.6,124.3761116123663,-14.23308544279689,Natator depressus,Flatback Turtle,Female
Monique,2022-12-26,31.5,27.677,22.928,124.0686081095158,-14.50062108130569,Natator depressus,Flatback Turtle,Female
Monique,2022-12-27,75,26.944,22.903,123.8888354561107,-14.58433769270735,Natator depressus,Flatback Turtle,Female
Monique,2022-12-28,33,28.539,22.965,123.7205716765005,-14.69414603033955,Natator depressus,Flatback Turtle,Female
Monique,2022-12-29,20,28.363,22.912,123.6063600992397,-14.74808020099987,Natator depressus,Flatback Turtle,Female
Monique,2022-12-30,20,27.665,22.678,123.6055712319532,-14.74740621316894,Natator depressus,Flatback Turtle,Female
Monique,2022-12-31,53.5,27.214,22.544,123.683531233887,-14.78329055594891,Natator depressus,Flatback Turtle,Female
Monique,2023-01-01,20,27.501,22.423,123.6142720541761,-14.82150816871739,Natator depressus,Flatback Turtle,Female
Monique,2023-01-02,53,26.78,22.436,123.5817793571581,-14.81894350348172,Natator depressus,Flatback Turtle,Female
Monique,2023-01-03,50,26.289,21.827,123.5397009002178,-14.96474971656379,Natator depressus,Flatback Turtle,Female
Monique,2023-01-04,36,27.271,21.616,123.5120738099282,-15.0921301849307,Natator depressus,Flatback Turtle,Female
Monique,2023-01-05,10,27.684,21.5,123.2478365544299,-15.14866561518963,Natator depressus,Flatback Turtle,Female
Monique,2023-01-06,50,26.076,21.5,123.1864849556477,-15.1646523330651,Natator depressus,Flatback Turtle,Female
Monique,2023-01-07,10,27.723,21.5,123.1184782418875,-15.24458205570183,Natator depressus,Flatback Turtle,Female
Monique,2023-01-08,10,27.829,21.5,123.0408599284515,-15.34615288071715,Natator depressus,Flatback Turtle,Female
Monique,2023-01-09,15,27.726,21.5,123.0221450477338,-15.36593022080894,Natator depressus,Flatback Turtle,Female
Monique,2023-01-10,70,25.869,21.5,122.8667605587055,-15.4952829726725,Natator depressus,Flatback Turtle,Female
Monique,2023-01-11,20,27.855,21.5,122.5622423010205,-15.57951716968503,Natator depressus,Flatback Turtle,Female
Monique,2023-01-12,24,26.952,21.5,122.0818049439411,-15.60951681549046,Natator depressus,Flatback Turtle,Female
Monique,2023-01-13,3.5,27.366,21.5,121.9054286318566,-15.45198544749523,Natator depressus,Flatback Turtle,Female
Monique,2023-01-14,10,27.823,21.5,121.8067677661923,-15.42910817059853,Natator depressus,Flatback Turtle,Female
Monique,2023-01-15,50,25.541,21.5,121.741264589307,-15.46492315526602,Natator depressus,Flatback Turtle,Female
Monique,2023-01-16,28.5,26.689,21.5,121.8919923624346,-15.47632152409832,Natator depressus,Flatback Turtle,Female
Monique,2023-01-17,39,27.248,21.5,121.9642298078636,-15.45278979121845,Natator depressus,Flatback Turtle,Female
Monique,2023-01-18,25,27,21.5,121.7483744057266,-15.33167236594685,Natator depressus,Flatback Turtle,Female
Monique,2023-01-19,40,26.205,21.5,121.6952948048881,-15.30364592123161,Natator depressus,Flatback Turtle,Female
Monique,2023-01-20,61.5,25.118,21.5,121.7238252396345,-15.44582596292629,Natator depressus,Flatback Turtle,Female
Monique,2023-01-21,30,27.661,21.5,121.7987031010481,-15.54266783050802,Natator depressus,Flatback Turtle,Female
Monique,2023-01-22,6,28.592,21.5,121.8919982591589,-15.67548853768595,Natator depressus,Flatback Turtle,Female
Monique,2023-01-23,10,28.334,21.5,121.8507721164632,-15.76764694951307,Natator depressus,Flatback Turtle,Female
Monique,2023-01-24,35,26.393,21.5,121.7903481682127,-15.7936569859854,Natator depressus,Flatback Turtle,Female
Monique,2023-01-25,50,26.272,21.5,121.8374407723441,-15.85382723808289,Natator depressus,Flatback Turtle,Female
Monique,2023-01-26,10,28.405,21.5,121.7752258577634,-15.87786855967473,Natator depressus,Flatback Turtle,Female
Monique,2023-01-27,50,26.467,21.5,121.7572302253753,-15.88974591259586,Natator depressus,Flatback Turtle,Female
Monique,2023-01-28,17.5,27.103,21.5,121.7651602029977,-15.81646900074286,Natator depressus,Flatback Turtle,Female
Monique,2023-01-29,22.5,28.271,21.5,121.7234899438402,-15.71793905498227,Natator depressus,Flatback Turtle,Female
Monique,2023-01-30,23,27.002,21.5,121.7683734204854,-15.68641241126304,Natator depressus,Flatback Turtle,Female
Monique,2023-01-31,10,28.935,21.5,121.7524043552361,-15.729619990437,Natator depressus,Flatback Turtle,Female
Monique,2023-02-01,25,28.122,21.5,121.7504100211447,-15.7282364493027,Natator depressus,Flatback Turtle,Female
Monique,2023-02-02,57,26.688,21.5,121.8471409665102,-15.66590412757324,Natator depressus,Flatback Turtle,Female
Monique,2023-02-03,5,29.624,21.5,121.8140764872514,-15.63147394392454,Natator depressus,Flatback Turtle,Female
Monique,2023-02-04,53.5,26.836,21.5,121.8507245589217,-15.48703794875992,Natator depressus,Flatback Turtle,Female
Monique,2023-02-05,22,27.914,21.5,121.8814047621333,-15.38314679328881,Natator depressus,Flatback Turtle,Female
Monique,2023-02-06,15.5,28.766,21.5,121.9454357288643,-15.51563500174172,Natator depressus,Flatback Turtle,Female
Monique,2023-02-07,12.5,28.502,21.5,122.0624743490761,-15.45983321134728,Natator depressus,Flatback Turtle,Female
Monique,2023-02-08,22,28.317,21.5,121.9666316107655,-15.42270875625505,Natator depressus,Flatback Turtle,Female
Monique,2023-02-09,2.5,28.577,21.5,121.8746694005138,-15.37170800880061,Natator depressus,Flatback Turtle,Female
Monique,2023-02-10,37.5,27.528,21.5,121.8655427509542,-15.28986388543262,Natator depressus,Flatback Turtle,Female
Monique,2023-02-11,42,26.913,21.5,121.9243145880002,-15.26526236671673,Natator depressus,Flatback Turtle,Female
Monique,2023-02-12,30,28.573,21.5,122.0079068844716,-15.40751666842374,Natator depressus,Flatback Turtle,Female
Monique,2023-02-13,35.5,28.547,21.5,121.9738623069706,-15.4207084581509,Natator depressus,Flatback Turtle,Female
Monique,2023-02-14,10,28.81,21.5,121.9596209682475,-15.41509495281746,Natator depressus,Flatback Turtle,Female
Monique,2023-02-15,59.5,27.297,21.5,121.7630131758366,-15.50402524267833,Natator depressus,Flatback Turtle,Female
Monique,2023-02-16,24,28.083,21.5,121.7610032059191,-15.74915797798449,Natator depressus,Flatback Turtle,Female
Monique,2023-02-17,22,28.118,21.5,121.7569876266778,-15.75328841043989,Natator depressus,Flatback Turtle,Female
Monique,2023-02-18,20,28.413,21.5,121.8013873992676,-15.77228772786066,Natator depressus,Flatback Turtle,Female
Monique,2023-02-19,30,28.994,21.5,121.7807217306219,-15.637509287315,Natator depressus,Flatback Turtle,Female
Monique,2023-02-20,10,29.25,21.5,121.8247500209432,-15.72432983563098,Natator depressus,Flatback Turtle,Female
Monique,2023-02-21,40,28.482,21.5,122.0280789603038,-15.72790020333342,Natator depressus,Flatback Turtle,Female
Monique,2023-02-22,20,28.745,21.5,122.1195107565171,-15.68624507094753,Natator depressus,Flatback Turtle,Female
Monique,2023-02-23,15,28.755,21.5,122.1319728830402,-15.73680339304181,Natator depressus,Flatback Turtle,Female
Monique,2023-02-24,2,28.648,21.5,122.0904906546507,-15.62252232756141,Natator depressus,Flatback Turtle,Female
Monique,2023-02-25,2,28.485,21.5,122.0824602334392,-15.61584035323803,Natator depressus,Flatback Turtle,Female
Monique,2023-02-26,25,27.85,21.5,121.9744992857589,-15.55448430098658,Natator depressus,Flatback Turtle,Female
Monique,2023-02-27,24,27.839,21.5,121.8825827146002,-15.48648185822718,Natator depressus,Flatback Turtle,Female
Monique,2023-02-28,40,27.311,21.5,121.8423225968169,-15.29243979096784,Natator depressus,Flatback Turtle,Female
Monique,2023-03-01,5,27.832,21.5,121.8573670577144,-15.31406910822562,Natator depressus,Flatback Turtle,Female
Monique,2023-03-02,24,28.073,21.5,121.8436728019878,-15.3592778536143,Natator depressus,Flatback Turtle,Female
Monique,2023-03-03,31.5,27.638,21.5,121.8394834186204,-15.35650401305853,Natator depressus,Flatback Turtle,Female
Monique,2023-03-04,36.5,27.405,21.5,121.8176137856637,-15.38381485088284,Natator depressus,Flatback Turtle,Female
Monique,2023-03-05,10,28.263,21.5,121.7133501988329,-15.37506037631293,Natator depressus,Flatback Turtle,Female
Monique,2023-03-06,20,28.344,21.5,121.7638232774641,-15.46291426250212,Natator depressus,Flatback Turtle,Female
Monique,2023-03-07,46.5,27.729,21.5,121.7711415631492,-15.43555461179195,Natator depressus,Flatback Turtle,Female
Monique,2023-03-08,59,27.396,21.5,121.8034811922946,-15.47558340738677,Natator depressus,Flatback Turtle,Female
Monique,2023-03-09,10,28.114,21.5,121.8419207036429,-15.43280259201647,Natator depressus,Flatback Turtle,Female
Monique,2023-03-10,35,27.421,21.5,121.8188660427375,-15.48670150817415,Natator depressus,Flatback Turtle,Female
Monique,2023-03-11,10,28.206,21.5,121.8634712718468,-15.53571590307358,Natator depressus,Flatback Turtle,Female
Monique,2023-03-12,7,28.518,21.5,121.9744547835513,-15.58790688659187,Natator depressus,Flatback Turtle,Female
Monique,2023-03-13,50,28.212,21.5,121.8939051241634,-15.55939871615927,Natator depressus,Flatback Turtle,Female
Monique,2023-03-14,24,28.297,21.5,121.9283055962458,-15.52942443622911,Natator depressus,Flatback Turtle,Female
Rosemary,2022-10-16,11.5,30.133,35.005,135.1358574989345,-11.64735669715769,Natator depressus,Flatback Turtle,Female
Rosemary,2022-10-18,6.5,29.81,34.374,135.213978245561,-11.60190641878637,Natator depressus,Flatback Turtle,Female
Rosemary,2022-10-19,18,29.791,34.658,135.2758564074523,-11.52340014060186,Natator depressus,Flatback Turtle,Female
Rosemary,2022-10-20,14,29.658,34.367,135.3880695386418,-11.51201704148593,Natator depressus,Flatback Turtle,Female
Rosemary,2022-10-21,22,29.429,34.54,135.4864954821842,-11.49974200319208,Natator depressus,Flatback Turtle,Female
Rosemary,2022-10-22,25.5,29.309,34.553,135.6055514988852,-11.42818784940311,Natator depressus,Flatback Turtle,Female
Rosemary,2022-10-23,19,29.453,34.198,135.9205697647969,-11.27061396763602,Natator depressus,Flatback Turtle,Female
Rosemary,2022-10-24,12,30.01,34.093,136.100882744607,-11.17993245826272,Natator depressus,Flatback Turtle,Female
Rosemary,2022-10-25,2,29.918,33.824,136.4168304544501,-10.96708647687497,Natator depressus,Flatback Turtle,Female
Rosemary,2022-10-26,22,29.455,33.927,136.5464465022085,-10.95736256646716,Natator depressus,Flatback Turtle,Female
Rosemary,2022-10-27,29,28.52,34.4,136.9706870990539,-10.94632450492678,Natator depressus,Flatback Turtle,Female
Rosemary,2022-10-28,40,27.326,34.559,137.1156722021703,-11.04550847384049,Natator depressus,Flatback Turtle,Female
Rosemary,2022-10-29,35,28.411,34.662,137.2572422747926,-11.19109620374587,Natator depressus,Flatback Turtle,Female
Rosemary,2022-10-30,15,29.645,34.817,137.4295510292314,-11.19440077658485,Natator depressus,Flatback Turtle,Female
Rosemary,2022-10-31,12,30.014,34.777,137.7485150520172,-11.25719510209963,Natator depressus,Flatback Turtle,Female
Rosemary,2022-11-01,22,29.36,34.717,138.0247192698979,-11.34992889540154,Natator depressus,Flatback Turtle,Female
Rosemary,2022-11-02,40,28.974,34.725,138.06675217159,-11.36682730777838,Natator depressus,Flatback Turtle,Female
Rosemary,2022-11-03,12,30.088,34.772,138.2998484683516,-11.46721666375426,Natator depressus,Flatback Turtle,Female
Rosemary,2022-11-04,35,29.213,34.748,138.3514230401669,-11.49197062596467,Natator depressus,Flatback Turtle,Female
Rosemary,2022-11-05,2,29.832,21.5,138.5007214035294,-11.58608559129535,Natator depressus,Flatback Turtle,Female
Rosemary,2022-11-06,50,26.32,34.942,138.8384182097818,-11.8266737222045,Natator depressus,Flatback Turtle,Female
Rosemary,2022-11-07,50,26.114,35.031,138.9955285604276,-11.95008044768292,Natator depressus,Flatback Turtle,Female
Rosemary,2022-11-08,50,25.85,32.02,139.1571564183184,-12.11438600697229,Natator depressus,Flatback Turtle,Female
Rosemary,2022-11-10,52.5,25.606,34.974,139.7194222994252,-12.31300248969403,Natator depressus,Flatback Turtle,Female
Rosemary,2022-11-11,25,30.531,34.952,139.8762963086431,-12.46952677566577,Natator depressus,Flatback Turtle,Female
Rosemary,2022-11-12,50,25.674,34.82,140.1139969089186,-12.6558915910512,Natator depressus,Flatback Turtle,Female
Rosemary,2022-11-13,61.5,25.614,34.795,140.2687412929485,-12.76992403671413,Natator depressus,Flatback Turtle,Female
Rosemary,2022-11-14,62.5,25.432,34.769,140.3726874411664,-12.78626219640706,Natator depressus,Flatback Turtle,Female
Rosemary,2022-11-15,60,25.524,34.657,140.5685257696891,-12.94465259904262,Natator depressus,Flatback Turtle,Female
Rosemary,2022-11-16,50,25.584,34.652,140.6188332739448,-12.93203911067001,Natator depressus,Flatback Turtle,Female
Rosemary,2022-11-17,41.5,26.586,34.44,140.8373441083504,-13.19873569725621,Natator depressus,Flatback Turtle,Female
Rosemary,2022-11-18,18,28.035,34.345,140.949247854728,-13.20025318042905,Natator depressus,Flatback Turtle,Female
Rosemary,2022-11-19,27,28.116,34.236,141.1198135159952,-13.26089116565839,Natator depressus,Flatback Turtle,Female
Rosemary,2022-11-20,8,30.192,33.457,141.3061773481082,-13.12669601001882,Natator depressus,Flatback Turtle,Female
Rosemary,2022-11-21,30.5,27.94,33.303,141.3590167888384,-12.98265047701713,Natator depressus,Flatback Turtle,Female
Rosemary,2022-11-22,14,30.247,33.266,141.4285925105914,-12.84854344369947,Natator depressus,Flatback Turtle,Female
Rosemary,2022-11-23,27.5,27.4,32.106,141.3975390298506,-12.72513294562233,Natator depressus,Flatback Turtle,Female
Rosemary,2022-11-24,33.5,27.216,31.644,141.3006060481634,-12.73066357184831,Natator depressus,Flatback Turtle,Female
Rosemary,2022-11-25,2,31.218,31.376,141.2341968062574,-12.8309698085195,Natator depressus,Flatback Turtle,Female
Rosemary,2022-11-26,22,27.291,31.172,141.2400591884736,-12.91492968670636,Natator depressus,Flatback Turtle,Female
Rosemary,2022-11-27,5,30.787,30.22,141.271031569237,-13.14039129981735,Natator depressus,Flatback Turtle,Female
Rosemary,2022-11-28,5,30.376,29.452,141.2178914660251,-13.312493254486,Natator depressus,Flatback Turtle,Female
Rosemary,2022-11-29,2,30.304,28.77,141.0268679846541,-13.49143630480138,Natator depressus,Flatback Turtle,Female
Rosemary,2022-11-30,26.5,28.806,28.673,140.9127769972297,-13.55992629017154,Natator depressus,Flatback Turtle,Female
Rosemary,2022-12-01,22,28.764,28.564,140.6726642720436,-13.67657402355842,Natator depressus,Flatback Turtle,Female
Rosemary,2022-12-02,50,26.782,27.887,140.4909647818897,-13.73219974356585,Natator depressus,Flatback Turtle,Female
Rosemary,2022-12-03,25,27.961,27.734,140.4160404328333,-13.72655090676435,Natator depressus,Flatback Turtle,Female
Rosemary,2022-12-04,15,30.513,27.627,140.3409694272817,-13.84408934122297,Natator depressus,Flatback Turtle,Female
Rosemary,2022-12-05,25,30.326,27.414,140.3644213868654,-14.00192026520056,Natator depressus,Flatback Turtle,Female
Rosemary,2022-12-06,24.5,29.937,27.562,140.4874666951978,-14.23060056864435,Natator depressus,Flatback Turtle,Female
Rosemary,2022-12-07,18,30.399,26.899,140.6650088132146,-14.23032702955377,Natator depressus,Flatback Turtle,Female
Rosemary,2022-12-08,2,30.7,26.606,140.7334121255317,-14.32756513006547,Natator depressus,Flatback Turtle,Female
Rosemary,2022-12-09,23,30.255,25.938,140.7835950553535,-14.37344782579131,Natator depressus,Flatback Turtle,Female
Rosemary,2022-12-10,20.5,30.299,25.393,140.8737008744228,-14.52543197146436,Natator depressus,Flatback Turtle,Female
Rosemary,2022-12-11,22,30.131,25.264,140.9588582148835,-14.61242225753372,Natator depressus,Flatback Turtle,Female
Rosemary,2022-12-12,5,30.489,24.689,141.0005801688266,-14.42519919673434,Natator depressus,Flatback Turtle,Female
Rosemary,2022-12-13,25.5,30.394,24.058,140.9748403689749,-14.36787275855886,Natator depressus,Flatback Turtle,Female
Rosemary,2022-12-14,18,30.321,23.644,140.933839924571,-14.34621532439192,Natator depressus,Flatback Turtle,Female
Rosemary,2022-12-15,20,30.463,23.683,140.9634083802156,-14.30066237334813,Natator depressus,Flatback Turtle,Female
Rosemary,2022-12-16,20,30.695,22.288,141.1080863618763,-14.10591066098374,Natator depressus,Flatback Turtle,Female
Rosemary,2022-12-17,22,30.685,22.373,141.12834032028061,-14.03138424368473,Natator depressus,Flatback Turtle,Female
Rosemary,2022-12-18,5,30.861,21.571,141.1755958603671,-14.00013231523412,Natator depressus,Flatback Turtle,Female
Rosemary,2022-12-19,9,30.845,21.587,141.1852976769925,-13.96836027018554,Natator depressus,Flatback Turtle,Female
Rosemary,2022-12-20,13,30.552,21.5,141.2006172741048,-13.88812432028415,Natator depressus,Flatback Turtle,Female
Rosemary,2022-12-21,5,30.694,21.5,141.1995709849059,-13.88169838778119,Natator depressus,Flatback Turtle,Female
Rosemary,2022-12-22,3,30.437,21.5,141.1764905442764,-13.72839154658502,Natator depressus,Flatback Turtle,Female
Rosemary,2022-12-23,10,30.384,21.5,141.0691045388605,-13.7814151508922,Natator depressus,Flatback Turtle,Female
Rosemary,2022-12-24,10,30.106,21.5,140.84471628011,-13.66808557234829,Natator depressus,Flatback Turtle,Female
Rosemary,2022-12-25,20,29.964,21.5,140.8160183993949,-13.6146934296606,Natator depressus,Flatback Turtle,Female
Rosemary,2022-12-26,4,30.642,21.5,140.6704221223536,-13.64153729990919,Natator depressus,Flatback Turtle,Female
Rosemary,2022-12-27,15,30.432,21.5,140.5462547333445,-13.58409524095844,Natator depressus,Flatback Turtle,Female
Rosemary,2022-12-28,59,27.18,21.5,140.4618111006249,-13.53372664264316,Natator depressus,Flatback Turtle,Female
Rosemary,2022-12-29,40,27.021,21.5,140.334198530231,-13.48250460273008,Natator depressus,Flatback Turtle,Female
Rosemary,2022-12-30,30,29.843,21.5,140.1510419996847,-13.42161486397637,Natator depressus,Flatback Turtle,Female
Rosemary,2022-12-31,10,29.677,21.5,140.0744981523488,-13.41228817866471,Natator depressus,Flatback Turtle,Female
Rosemary,2023-01-01,60,26.252,21.5,139.8804424511451,-13.30153271580587,Natator depressus,Flatback Turtle,Female
Rosemary,2023-01-02,35,29.163,21.5,139.8706461754888,-13.21702807070676,Natator depressus,Flatback Turtle,Female
Rosemary,2023-01-03,30,28.876,21.5,139.8402008198085,-12.99673958752946,Natator depressus,Flatback Turtle,Female
Rosemary,2023-01-04,20,28.867,21.5,139.8249471659529,-12.97516138125818,Natator depressus,Flatback Turtle,Female
Rosemary,2023-01-05,40,26.362,21.5,139.7578570113771,-12.88300158294457,Natator depressus,Flatback Turtle,Female
Rosemary,2023-01-06,30.5,28.151,21.5,139.6159905006639,-12.81810732971731,Natator depressus,Flatback Turtle,Female
Rosemary,2023-01-07,25,28.609,21.5,139.6177614986177,-12.81931132180527,Natator depressus,Flatback Turtle,Female
Rosemary,2023-01-08,34,28.306,21.5,139.5331561542188,-12.76455611155441,Natator depressus,Flatback Turtle,Female
Rosemary,2023-01-09,36,28.473,21.5,139.5228810960951,-12.77320459532476,Natator depressus,Flatback Turtle,Female
Rosemary,2023-01-10,57.5,26.51,21.5,139.4753257356098,-12.79809786172226,Natator depressus,Flatback Turtle,Female
Rosemary,2023-01-11,50,26.506,21.5,139.3689609104956,-12.81380880934736,Natator depressus,Flatback Turtle,Female
Rosemary,2023-01-12,10,29.005,21.5,139.3062632082353,-12.82733277199142,Natator depressus,Flatback Turtle,Female
Rosemary,2023-01-13,23,29.162,21.5,139.1627650373614,-12.79848013950914,Natator depressus,Flatback Turtle,Female
Rosemary,2023-01-14,10,29.041,21.5,139.1238863120876,-12.72294349250231,Natator depressus,Flatback Turtle,Female
Rosemary,2023-01-15,10,29.187,21.5,139.16569649583639,-12.62842571139321,Natator depressus,Flatback Turtle,Female
Rosemary,2023-01-16,30,29.003,21.5,139.39258040924,-12.69772450258037,Natator depressus,Flatback Turtle,Female
Rosemary,2023-01-17,39,27.422,21.5,139.4303431220404,-12.70243009192695,Natator depressus,Flatback Turtle,Female
Rosemary,2023-01-18,40,26.574,21.5,139.5376477089778,-12.67967606310788,Natator depressus,Flatback Turtle,Female
Rosemary,2023-01-19,58.5,26.638,21.5,139.6242514672007,-12.58042037424809,Natator depressus,Flatback Turtle,Female
Rosemary,2023-01-20,30,28.626,21.5,139.723785427178,-12.60114280678364,Natator depressus,Flatback Turtle,Female
Rosemary,2023-01-21,30,28.795,21.5,139.6424286821122,-12.59041435454607,Natator depressus,Flatback Turtle,Female
Rosemary,2023-01-22,38.5,27.839,21.5,139.5996834155316,-12.59306320966369,Natator depressus,Flatback Turtle,Female
Rosemary,2023-01-23,15,28.693,21.5,139.4452063601005,-12.65771500959059,Natator depressus,Flatback Turtle,Female
Rosemary,2023-01-24,30,28.66,21.5,139.4273342071853,-12.54024969565478,Natator depressus,Flatback Turtle,Female
Rosemary,2023-01-25,40,27.431,21.5,139.4358554922583,-12.42231383568474,Natator depressus,Flatback Turtle,Female
Rosemary,2023-01-26,30,28.808,21.54,139.4493676789095,-12.31042402855365,Natator depressus,Flatback Turtle,Female
Rosemary,2023-01-27,37,28.696,22.13,139.423315816946,-12.27803239538664,Natator depressus,Flatback Turtle,Female
Rosemary,2023-01-28,54,27.454,25.716,139.4584328517855,-12.25129633850694,Natator depressus,Flatback Turtle,Female
Rosemary,2023-01-29,2,29.484,26.872,139.4457196344426,-12.2763900555594,Natator depressus,Flatback Turtle,Female
Rosemary,2023-01-30,38,27.526,27.86,139.4991443984878,-12.28717193817237,Natator depressus,Flatback Turtle,Female
Rosemary,2023-01-31,3,29.542,27.213,139.5485637444196,-12.27100655012408,Natator depressus,Flatback Turtle,Female
Rosemary,2023-02-01,33.5,28.603,27.222,139.5920707764231,-12.32575861319471,Natator depressus,Flatback Turtle,Female
Rosemary,2023-02-02,22,29.115,26.609,139.6677315185143,-12.31846205532555,Natator depressus,Flatback Turtle,Female
Rosemary,2023-02-03,50,27.693,27.202,139.6691417555074,-12.32590570213883,Natator depressus,Flatback Turtle,Female
Rosemary,2023-02-04,32.5,28.561,26.599,139.603115850936,-12.23349118478395,Natator depressus,Flatback Turtle,Female
Rosemary,2023-02-05,2,29.16,25.984,139.4986234099698,-12.22277470050783,Natator depressus,Flatback Turtle,Female
Rosemary,2023-02-06,2,29.34,25.476,139.4472225736251,-12.39919237534372,Natator depressus,Flatback Turtle,Female
Rosemary,2023-02-07,25,29.166,25.627,139.4193735599578,-12.38624434789223,Natator depressus,Flatback Turtle,Female
Rosemary,2023-02-08,50,27.508,25.835,139.3421230736039,-12.38110913291146,Natator depressus,Flatback Turtle,Female
Rosemary,2023-02-09,50,27.538,25.564,139.3506509823456,-12.39858591744956,Natator depressus,Flatback Turtle,Female
Rosemary,2023-02-10,15,29.491,24.494,139.3120652382354,-12.38606681797155,Natator depressus,Flatback Turtle,Female
Rosemary,2023-02-11,20,29.319,24.982,139.4270083844416,-12.47128731482081,Natator depressus,Flatback Turtle,Female
Rosemary,2023-02-12,26.5,28.889,25.12,139.4873044743963,-12.57701110388462,Natator depressus,Flatback Turtle,Female
Rosemary,2023-02-13,15,28.929,24.74,139.4812019645006,-12.63987445227388,Natator depressus,Flatback Turtle,Female
Rosemary,2023-02-14,29,28.675,24.634,139.5567638395101,-12.75685887885585,Natator depressus,Flatback Turtle,Female
Rosemary,2023-02-15,10,28.756,24.22,139.6599139603923,-12.9582906347787,Natator depressus,Flatback Turtle,Female
Rosemary,2023-02-16,38,28.652,23.757,139.67264024323,-13.03140761262612,Natator depressus,Flatback Turtle,Female
Rosemary,2023-02-17,2,28.802,23.136,139.5953295802508,-13.23599863021032,Natator depressus,Flatback Turtle,Female
Rosemary,2023-02-18,26.5,28.482,22.398,139.4327156683223,-13.33788470291121,Natator depressus,Flatback Turtle,Female
Rosemary,2023-02-19,10,28.754,22.593,139.3428779932428,-13.52287175374546,Natator depressus,Flatback Turtle,Female
Rosemary,2023-02-20,50,27.934,23.284,139.2961293687075,-13.62488964913971,Natator depressus,Flatback Turtle,Female
Rosemary,2023-02-21,50,28.914,23.101,139.3805855061414,-13.71315535830839,Natator depressus,Flatback Turtle,Female
Rosemary,2023-02-22,40,28.954,21.625,139.5011070870949,-13.79629522274703,Natator depressus,Flatback Turtle,Female
Rosemary,2023-02-23,15,28.706,21.842,139.5565978659774,-13.77447710061266,Natator depressus,Flatback Turtle,Female
Rosemary,2023-02-24,40,28.954,21.873,139.6827195240633,-13.88323858483641,Natator depressus,Flatback Turtle,Female
Rosemary,2023-02-25,40,28.972,21.564,139.8065941390125,-13.97153641357494,Natator depressus,Flatback Turtle,Female
Rosemary,2023-02-26,2,28.75,21.5,139.9780802340947,-13.97827655680165,Natator depressus,Flatback Turtle,Female
Rosemary,2023-02-27,31.5,28.988,21.5,140.0140538284217,-13.73140469537112,Natator depressus,Flatback Turtle,Female
Rosemary,2023-02-28,10,28.722,21.5,140.0094490048751,-13.65480795704554,Natator depressus,Flatback Turtle,Female
Rosemary,2023-03-01,33,28.912,21.5,140.0071006143621,-13.43976090873225,Natator depressus,Flatback Turtle,Female
Rosemary,2023-03-02,50,28.952,21.5,140.0266312684606,-13.39482476190447,Natator depressus,Flatback Turtle,Female
Rosemary,2023-03-03,35,28.926,21.5,140.0435566588743,-13.28163007540458,Natator depressus,Flatback Turtle,Female
Rosemary,2023-03-04,50,28.901,21.5,140.01842072430821,-13.20771240097243,Natator depressus,Flatback Turtle,Female
Rosemary,2023-03-05,8.5,28.87,21.5,140.0503816857679,-13.23051413733301,Natator depressus,Flatback Turtle,Female
Rosemary,2023-03-06,50,28.8,21.5,140.180716376756,-13.38767705392861,Natator depressus,Flatback Turtle,Female
Rosemary,2023-03-07,52,28.774,21.5,140.1710176775181,-13.35945531067144,Natator depressus,Flatback Turtle,Female
Rosemary,2023-03-08,52.5,28.698,21.5,140.1470862092018,-13.2925417320501,Natator depressus,Flatback Turtle,Female
Rosemary,2023-03-09,25,28.722,21.5,140.089563234148,-13.24201190834877,Natator depressus,Flatback Turtle,Female
Rosemary,2023-03-10,5,28.764,21.5,140.0385224381366,-13.16037898064732,Natator depressus,Flatback Turtle,Female
Rosemary,2023-03-11,40,28.658,21.5,139.999639703898,-13.00930407365011,Natator depressus,Flatback Turtle,Female
Rosemary,2023-03-12,41,28.564,21.5,139.9044814813333,-12.69510747727318,Natator depressus,Flatback Turtle,Female
Rosemary,2023-03-13,2,29.258,21.5,139.8779150434312,-12.64150692052927,Natator depressus,Flatback Turtle,Female
Rosemary,2023-03-14,10,28.82,21.5,139.8450585126604,-12.55669178993365,Natator depressus,Flatback Turtle,Female
Rosemary,2023-03-15,10,28.897,21.5,139.8231754828768,-12.43201174301506,Natator depressus,Flatback Turtle,Female
Rosemary,2023-03-16,25,28.594,21.5,139.7092917990798,-12.18508466318471,Natator depressus,Flatback Turtle,Female
Rosemary,2023-03-17,10,29.08,21.5,139.6904883923722,-12.13310056964116,Natator depressus,Flatback Turtle,Female
Rosemary,2023-03-18,10,29.052,21.5,139.5492977220866,-11.96681662819492,Natator depressus,Flatback Turtle,Female
Rosemary,2023-03-19,15,28.944,21.5,139.4653184458635,-11.92199810483579,Natator depressus,Flatback Turtle,Female
Rosemary,2023-03-20,20,28.62,21.5,139.4080893356532,-11.97107705077139,Natator depressus,Flatback Turtle,Female
Rosemary,2023-03-21,20,28.653,21.5,139.4021676530389,-11.96150399510352,Natator depressus,Flatback Turtle,Female
Rosemary,2023-03-22,25,28.557,21.5,139.4057997188032,-12.01255006554318,Natator depressus,Flatback Turtle,Female
Rosemary,2023-03-23,20,28.801,21.5,139.397746025877,-12.07022484064893,Natator depressus,Flatback Turtle,Female
Rosemary,2023-03-24,35.5,28.444,21.5,139.3522208261122,-12.0522506092389,Natator depressus,Flatback Turtle,Female
Rosemary,2023-03-25,25,29.044,21.5,139.3233134710543,-12.12596506201045,Natator depressus,Flatback Turtle,Female
Rosemary,2023-03-26,30,28.434,21.5,139.3020748023603,-12.15787310037556,Natator depressus,Flatback Turtle,Female
Rosemary,2023-03-27,15,29.349,21.5,139.2699003909972,-12.19112940345692,Natator depressus,Flatback Turtle,Female
Rosemary,2023-03-28,25,28.924,21.5,139.2600798414962,-12.19545199444105,Natator depressus,Flatback Turtle,Female
Rosemary,2023-03-29,35,28.34,21.5,139.1976590697764,-12.09673649844723,Natator depressus,Flatback Turtle,Female
Rosemary,2023-03-30,11.5,29.507,21.5,139.1599766152614,-12.15062971848173,Natator depressus,Flatback Turtle,Female
Rosemary,2023-03-31,25,29.328,21.5,139.1450323164939,-12.17192019830947,Natator depressus,Flatback Turtle,Female
Rosemary,2023-04-01,20,29.455,21.5,139.0403999435931,-12.16444455794836,Natator depressus,Flatback Turtle,Female
Rosemary,2023-04-02,20,29.465,21.5,139.0077844443228,-12.12347316150683,Natator depressus,Flatback Turtle,Female
Rosemary,2023-04-03,43.5,28.342,21.5,139.0545779374166,-12.10845891607696,Natator depressus,Flatback Turtle,Female
Rosemary,2023-04-04,28,28.455,21.5,139.0780839376348,-12.13299665833081,Natator depressus,Flatback Turtle,Female
Rosemary,2023-04-05,26,28.625,21.5,139.0487494174219,-12.11485579006071,Natator depressus,Flatback Turtle,Female
Rosemary,2023-04-06,20,29.488,21.5,138.8778025926819,-12.18180420273788,Natator depressus,Flatback Turtle,Female
Rosemary,2023-04-07,20,29.475,21.5,138.9648457702802,-12.10835285178868,Natator depressus,Flatback Turtle,Female
Rosemary,2023-04-08,27,28.446,21.5,138.9998793932117,-12.06561860313698,Natator depressus,Flatback Turtle,Female
Rosemary,2023-04-09,17,29.446,21.5,139.0206704992797,-12.08338961065537,Natator depressus,Flatback Turtle,Female
Rosemary,2023-04-10,46,28.258,21.5,138.9988377914428,-12.01111982304345,Natator depressus,Flatback Turtle,Female
Rosemary,2023-04-11,10,29.586,21.5,138.8920466034769,-11.94600414154215,Natator depressus,Flatback Turtle,Female
Rosemary,2023-04-12,15,29.656,21.5,138.9687478255916,-11.85569883084236,Natator depressus,Flatback Turtle,Female
Rosemary,2023-04-13,15,29.595,21.5,139.0653253600478,-11.84639321028807,Natator depressus,Flatback Turtle,Female
Rosemary,2023-04-14,40,28.418,21.5,139.0510637721967,-11.82645281031181,Natator depressus,Flatback Turtle,Female
Rosemary,2023-04-15,21.5,29.225,21.5,139.0098688812827,-11.87534771281404,Natator depressus,Flatback Turtle,Female
