DeployID,Ptt,DepthSensor,Source,Instr,Date,Duration,Time Offset,Count,LocationQuality,Latitude,Longitude,BadTherm,NumBins,Partial,Depth1,Depth1Error,MinTemp1,MaxTemp1,%Ox1,Discont1,Depth2,Depth2Error,MinTemp2,MaxTemp2,%Ox2,Discont2,Depth3,Depth3Error,MinTemp3,MaxTemp3,%Ox3,Discont3,Depth4,Depth4Error,MinTemp4,MaxTemp4,%Ox4,Discont4,Depth5,Depth5Error,MinTemp5,MaxTemp5,%Ox5,Discont5,Depth6,Depth6Error,MinTemp6,MaxTemp6,%Ox6,Discont6,Depth7,Depth7Error,MinTemp7,MaxTemp7,%Ox7,Discont7,Depth8,Depth8Error,MinTemp8,MaxTemp8,%Ox8,Discont8,Depth9,Depth9Error,MinTemp9,MaxTemp9,%Ox9,Discont9,Depth10,Depth10Error,MinTemp10,MaxTemp10,%Ox10,Discont10,Depth11,Depth11Error,MinTemp11,MaxTemp11,%Ox11,Discont11,Depth12,Depth12Error,MinTemp12,MaxTemp12,%Ox12,Discont12,Depth13,Depth13Error,MinTemp13,MaxTemp13,%Ox13,Discont13,Depth14,Depth14Error,MinTemp14,MaxTemp14,%Ox14,Discont14,Depth15,Depth15Error,MinTemp15,MaxTemp15,%Ox15,Discont15
227150,227150,0.500000,Transmission,MiniPAT,01:00:00 06-Dec-2022,,0.00,1,,,, ,5,,8.00,4.00,20.100,20.300,,,24.00,4.00,19.900,20.300,,,32.00,4.00,19.500,20.300,,,48.00,4.00,19.300,20.300,,,72.00,4.00,18.900,19.900,,,,,,,,,,,,,,,,,,,,,,,,,,,,,,,,,,,,,,,,,,,,,,,,,,,,,,,,,,,,,,
227150,227150,0.500000,Transmission,MiniPAT,00:00:00 07-Dec-2022,,0.00,3,,,, ,6,,0.00,4.00,20.500,20.900,,,8.00,4.00,19.700,20.300,,,24.00,4.00,19.300,20.300,,,40.00,4.00,19.100,20.500,,,56.00,4.00,18.700,20.300,,,80.00,4.00,18.700,18.900,,,,,,,,,,,,,,,,,,,,,,,,,,,,,,,,,,,,,,,,,,,,,,,,,,,,,,,,
227150,227150,0.500000,Transmission,MiniPAT,00:00:00 08-Dec-2022,,0.00,2,,,, ,5,,16.00,4.00,19.300,19.700,,,24.00,4.00,19.100,19.700,,,40.00,4.00,18.900,20.500,,,56.00,4.00,18.700,19.900,,,72.00,4.00,18.900,19.100,,,,,,,,,,,,,,,,,,,,,,,,,,,,,,,,,,,,,,,,,,,,,,,,,,,,,,,,,,,,,,
227150,227150,0.500000,Transmission,MiniPAT,00:00:00 09-Dec-2022,,0.00,1,,,, ,4,,24.00,4.00,20.100,20.300,,,32.00,4.00,19.300,20.700,,,48.00,4.00,18.900,20.700,,,72.00,4.00,18.500,18.900,,,,,,,,,,,,,,,,,,,,,,,,,,,,,,,,,,,,,,,,,,,,,,,,,,,,,,,,,,,,,,,,,,,,
227150,227150,0.500000,Transmission,MiniPAT,00:00:00 10-Dec-2022,,0.00,4,,,, ,4,,32.00,4.00,19.300,21.100,,,40.00,4.00,18.700,21.100,,,56.00,4.00,18.100,20.700,,,72.00,4.00,18.500,19.500,,,,,,,,,,,,,,,,,,,,,,,,,,,,,,,,,,,,,,,,,,,,,,,,,,,,,,,,,,,,,,,,,,,,
227150,227150,0.500000,Transmission,MiniPAT,00:00:00 11-Dec-2022,,0.00,1,,,, ,4,,32.00,4.00,19.300,20.900,,,40.00,4.00,18.500,20.900,,,56.00,4.00,18.500,20.100,,,80.00,4.00,19.100,19.500,,,,,,,,,,,,,,,,,,,,,,,,,,,,,,,,,,,,,,,,,,,,,,,,,,,,,,,,,,,,,,,,,,,,
227150,227150,0.500000,Transmission,MiniPAT,00:00:00 12-Dec-2022,,0.00,1,,,, ,4,,32.00,4.00,19.700,20.900,,,40.00,4.00,19.100,20.900,,,56.00,4.00,18.900,20.700,,,80.00,4.00,18.900,19.100,,,,,,,,,,,,,,,,,,,,,,,,,,,,,,,,,,,,,,,,,,,,,,,,,,,,,,,,,,,,,,,,,,,,
227150,227150,0.500000,Transmission,MiniPAT,00:00:00 13-Dec-2022,,0.00,4,,,, ,4,,32.00,4.00,20.500,21.100,,,40.00,4.00,19.300,21.100,,,56.00,4.00,19.100,20.900,,,72.00,4.00,19.900,20.100,,,,,,,,,,,,,,,,,,,,,,,,,,,,,,,,,,,,,,,,,,,,,,,,,,,,,,,,,,,,,,,,,,,,
227150,227150,0.500000,Transmission,MiniPAT,00:00:00 14-Dec-2022,,0.00,5,,,, ,4,,32.00,4.00,20.100,20.900,,,40.00,4.00,19.500,21.100,,,56.00,4.00,19.300,21.100,,,72.00,4.00,19.700,20.100,,,,,,,,,,,,,,,,,,,,,,,,,,,,,,,,,,,,,,,,,,,,,,,,,,,,,,,,,,,,,,,,,,,,
227150,227150,0.500000,Transmission,MiniPAT,00:00:00 15-Dec-2022,,0.00,1,,,, ,4,,40.00,4.00,19.300,20.900,,,48.00,4.00,19.100,21.100,,,64.00,4.00,19.100,20.500,,,80.00,4.00,19.900,20.100,,,,,,,,,,,,,,,,,,,,,,,,,,,,,,,,,,,,,,,,,,,,,,,,,,,,,,,,,,,,,,,,,,,,
227150,227150,0.500000,Transmission,MiniPAT,00:00:00 16-Dec-2022,,0.00,2,,,, ,3,,40.00,4.00,19.500,20.900,,,48.00,4.00,19.100,20.900,,,72.00,4.00,19.300,20.100,,,,,,,,,,,,,,,,,,,,,,,,,,,,,,,,,,,,,,,,,,,,,,,,,,,,,,,,,,,,,,,,,,,,,,,,,,
227150,227150,0.500000,Transmission,MiniPAT,00:00:00 17-Dec-2022,,0.00,3,,,, ,4,,32.00,4.00,20.100,20.900,,,40.00,4.00,19.100,21.100,,,56.00,4.00,18.700,20.900,,,72.00,4.00,18.500,20.300,,,,,,,,,,,,,,,,,,,,,,,,,,,,,,,,,,,,,,,,,,,,,,,,,,,,,,,,,,,,,,,,,,,,
227150,227150,0.500000,Transmission,MiniPAT,00:00:00 18-Dec-2022,,0.00,1,,,, ,4,,32.00,4.00,20.100,20.900,,,40.00,4.00,19.500,20.900,,,56.00,4.00,19.100,20.500,,,72.00,4.00,19.300,19.900,,,,,,,,,,,,,,,,,,,,,,,,,,,,,,,,,,,,,,,,,,,,,,,,,,,,,,,,,,,,,,,,,,,,
227150,227150,0.500000,Transmission,MiniPAT,00:00:00 19-Dec-2022,,0.00,1,,,, ,5,,16.00,4.00,21.500,21.700,,,32.00,4.00,20.300,21.700,,,40.00,4.00,19.500,21.900,,,56.00,4.00,18.900,21.700,,,72.00,4.00,18.900,19.900,,,,,,,,,,,,,,,,,,,,,,,,,,,,,,,,,,,,,,,,,,,,,,,,,,,,,,,,,,,,,,
227150,227150,0.500000,Transmission,MiniPAT,00:00:00 20-Dec-2022,,0.00,1,,,, ,5,,8.00,4.00,21.500,21.700,,,16.00,4.00,21.500,21.700,,,40.00,4.00,19.700,21.700,,,48.00,4.00,19.300,21.700,,,72.00,4.00,19.100,20.300,,,,,,,,,,,,,,,,,,,,,,,,,,,,,,,,,,,,,,,,,,,,,,,,,,,,,,,,,,,,,,
227150,227150,0.500000,Transmission,MiniPAT,00:00:00 21-Dec-2022,,0.00,4,,,, ,5,,8.00,4.00,21.700,21.900,,,16.00,4.00,21.700,21.900,,,40.00,4.00,19.100,21.900,,,48.00,4.00,18.900,21.900,,,64.00,4.00,18.900,20.700,,,,,,,,,,,,,,,,,,,,,,,,,,,,,,,,,,,,,,,,,,,,,,,,,,,,,,,,,,,,,,
227150,227150,0.500000,Transmission,MiniPAT,00:00:00 24-Dec-2022,,0.00,1,,,, ,4,,24.00,4.00,20.500,22.100,,,40.00,4.00,19.100,22.100,,,48.00,4.00,18.900,22.100,,,72.00,4.00,19.300,20.300,,,,,,,,,,,,,,,,,,,,,,,,,,,,,,,,,,,,,,,,,,,,,,,,,,,,,,,,,,,,,,,,,,,,
227150,227150,0.500000,Transmission,MiniPAT,00:00:00 25-Dec-2022,,0.00,1,,,, ,4,,32.00,4.00,20.500,22.300,,,40.00,4.00,18.700,22.300,,,56.00,4.00,18.500,22.100,,,72.00,4.00,18.500,21.500,,,,,,,,,,,,,,,,,,,,,,,,,,,,,,,,,,,,,,,,,,,,,,,,,,,,,,,,,,,,,,,,,,,,
227150,227150,0.500000,Transmission,MiniPAT,00:00:00 26-Dec-2022,,0.00,2,,,, ,4,,24.00,4.00,21.700,22.100,,,40.00,4.00,18.900,22.100,,,48.00,4.00,18.500,22.100,,,72.00,4.00,18.500,19.500,,,,,,,,,,,,,,,,,,,,,,,,,,,,,,,,,,,,,,,,,,,,,,,,,,,,,,,,,,,,,,,,,,,,
227150,227150,0.500000,Transmission,MiniPAT,00:00:00 27-Dec-2022,,1.00,2,,,, ,5,,16.00,4.00,21.900,22.300,,,32.00,4.00,19.500,21.900,,,40.00,4.00,19.300,22.100,,,56.00,4.00,18.700,21.700,,,72.00,4.00,19.500,20.100,,,,,,,,,,,,,,,,,,,,,,,,,,,,,,,,,,,,,,,,,,,,,,,,,,,,,,,,,,,,,,
227150,227150,0.500000,Transmission,MiniPAT,00:00:00 28-Dec-2022,,1.00,2,,,, ,5,,24.00,4.00,22.300,22.700,,,40.00,4.00,19.100,22.700,,,48.00,4.00,18.900,22.500,,,64.00,4.00,18.700,20.900,,,80.00,4.00,19.300,19.500,,,,,,,,,,,,,,,,,,,,,,,,,,,,,,,,,,,,,,,,,,,,,,,,,,,,,,,,,,,,,,
227150,227150,0.500000,Transmission,MiniPAT,00:00:00 29-Dec-2022,,1.00,2,,,, ,4,,24.00,4.00,22.500,22.700,,,40.00,4.00,19.700,22.700,,,48.00,4.00,19.300,22.500,,,72.00,4.00,18.500,18.900,,,,,,,,,,,,,,,,,,,,,,,,,,,,,,,,,,,,,,,,,,,,,,,,,,,,,,,,,,,,,,,,,,,,
227150,227150,0.500000,Transmission,MiniPAT,00:00:00 30-Dec-2022,,1.00,1,,,, ,3,,40.00,4.00,20.300,22.100,,,48.00,4.00,19.700,22.100,,,72.00,4.00,19.100,19.700,,,,,,,,,,,,,,,,,,,,,,,,,,,,,,,,,,,,,,,,,,,,,,,,,,,,,,,,,,,,,,,,,,,,,,,,,,
227150,227150,0.500000,Transmission,MiniPAT,00:00:00 31-Dec-2022,,1.00,6,,,, ,4,,32.00,4.00,21.100,22.300,,,48.00,4.00,19.300,21.900,,,56.00,4.00,19.300,21.900,,,72.00,4.00,20.100,20.700,,,,,,,,,,,,,,,,,,,,,,,,,,,,,,,,,,,,,,,,,,,,,,,,,,,,,,,,,,,,,,,,,,,,
227150,227150,0.500000,Transmission,MiniPAT,00:00:00 01-Jan-2023,,1.00,6,,,, ,4,,24.00,4.00,21.300,22.300,,,40.00,4.00,20.300,21.900,,,48.00,4.00,19.700,22.300,,,72.00,4.00,19.500,20.100,,,,,,,,,,,,,,,,,,,,,,,,,,,,,,,,,,,,,,,,,,,,,,,,,,,,,,,,,,,,,,,,,,,,
227150,227150,0.500000,Transmission,MiniPAT,00:00:00 02-Jan-2023,,1.00,2,,,, ,8,,24.00,4.00,21.700,22.300,,,48.00,4.00,20.100,22.300,,,56.00,4.00,19.700,22.300,,,72.00,4.00,18.500,20.700,,,96.00,4.00,18.100,19.900,,,120.00,4.00,17.900,18.700,,,136.00,4.00,17.700,18.500,,,168.00,4.00,17.500,18.100,,,,,,,,,,,,,,,,,,,,,,,,,,,,,,,,,,,,,,,,,,,,
227150,227150,0.500000,Transmission,MiniPAT,00:00:00 03-Jan-2023,,1.00,1,,,, ,8,,32.00,4.00,22.300,22.500,,,48.00,4.00,20.700,22.500,,,56.00,4.00,20.100,22.500,,,72.00,4.00,18.700,22.500,,,88.00,4.00,18.300,21.500,,,104.00,4.00,18.100,20.300,,,120.00,4.00,17.900,18.700,,,144.00,4.00,17.900,18.100,,,,,,,,,,,,,,,,,,,,,,,,,,,,,,,,,,,,,,,,,,,,
227150,227150,0.500000,Transmission,MiniPAT,00:00:00 04-Jan-2023,,1.00,3,,,, ,8,,40.00,4.00,20.100,20.300,,,48.00,4.00,19.700,22.700,,,64.00,4.00,19.500,22.500,,,88.00,4.00,17.900,19.100,,,112.00,4.00,18.300,18.900,,,136.00,4.00,17.900,18.700,,,152.00,4.00,17.700,18.300,,,176.00,4.00,17.300,17.500,,,,,,,,,,,,,,,,,,,,,,,,,,,,,,,,,,,,,,,,,,,,
227150,227150,0.500000,Transmission,MiniPAT,00:00:00 05-Jan-2023,,1.00,2,,,, ,8,,48.00,4.00,20.500,20.900,,,64.00,4.00,19.100,22.100,,,80.00,4.00,18.500,21.900,,,104.00,4.00,18.100,20.300,,,128.00,4.00,17.900,19.100,,,144.00,4.00,17.900,18.500,,,176.00,4.00,17.900,18.300,,,200.00,4.00,17.700,18.100,,,,,,,,,,,,,,,,,,,,,,,,,,,,,,,,,,,,,,,,,,,,
227150,227150,0.500000,Transmission,MiniPAT,00:00:00 06-Jan-2023,,1.00,1,,,, ,8,,32.00,4.00,21.700,22.100,,,56.00,4.00,19.500,22.100,,,64.00,4.00,19.100,22.100,,,80.00,4.00,18.700,21.900,,,104.00,4.00,18.100,20.100,,,128.00,4.00,18.100,19.100,,,144.00,4.00,17.900,18.700,,,176.00,4.00,17.700,18.100,,,,,,,,,,,,,,,,,,,,,,,,,,,,,,,,,,,,,,,,,,,,
227150,227150,0.500000,Transmission,MiniPAT,00:00:00 09-Jan-2023,,1.00,1,,,, ,8,,24.00,4.00,21.700,21.900,,,40.00,4.00,20.700,22.900,,,48.00,4.00,19.900,22.900,,,72.00,4.00,18.700,22.300,,,88.00,4.00,18.100,21.300,,,104.00,4.00,18.100,19.900,,,128.00,4.00,18.300,18.900,,,152.00,4.00,18.100,18.300,,,,,,,,,,,,,,,,,,,,,,,,,,,,,,,,,,,,,,,,,,,,
227150,227150,0.500000,Transmission,MiniPAT,00:00:00 10-Jan-2023,,1.00,1,,,, ,8,,40.00,4.00,20.700,21.300,,,56.00,4.00,19.500,22.300,,,72.00,4.00,18.700,21.500,,,96.00,4.00,18.500,20.900,,,128.00,4.00,18.100,19.100,,,152.00,4.00,17.900,18.700,,,176.00,4.00,17.700,18.100,,,208.00,4.00,17.500,17.700,,,,,,,,,,,,,,,,,,,,,,,,,,,,,,,,,,,,,,,,,,,,
227150,227150,0.500000,Transmission,MiniPAT,00:00:00 11-Jan-2023,,1.00,2,,,, ,8,,24.00,4.00,21.700,22.100,,,48.00,4.00,21.100,21.700,,,56.00,4.00,20.100,21.700,,,80.00,4.00,18.700,21.300,,,104.00,4.00,18.500,19.700,,,120.00,4.00,18.100,19.100,,,144.00,4.00,18.100,18.700,,,176.00,4.00,18.100,18.300,,,,,,,,,,,,,,,,,,,,,,,,,,,,,,,,,,,,,,,,,,,,
227150,227150,0.500000,Transmission,MiniPAT,00:00:00 12-Jan-2023,,1.00,3,,,, ,8,,40.00,4.00,21.100,21.500,,,56.00,4.00,19.900,22.100,,,64.00,4.00,19.500,21.900,,,88.00,4.00,18.700,21.500,,,112.00,4.00,18.500,20.100,,,128.00,4.00,18.100,19.100,,,152.00,4.00,18.100,18.500,,,176.00,4.00,17.900,18.300,,,,,,,,,,,,,,,,,,,,,,,,,,,,,,,,,,,,,,,,,,,,
227150,227150,0.500000,Transmission,MiniPAT,00:00:00 15-Jan-2023,,1.00,1,,,, ,8,,48.00,4.00,20.700,21.100,,,64.00,4.00,20.100,21.300,,,104.00,4.00,18.700,20.300,,,136.00,4.00,18.300,18.900,,,208.00,4.00,17.900,18.300,,,216.00,4.00,17.700,18.300,,,264.00,4.00,16.900,17.300,,,304.00,4.00,16.100,16.300,,,,,,,,,,,,,,,,,,,,,,,,,,,,,,,,,,,,,,,,,,,,
227150,227150,0.500000,Transmission,MiniPAT,00:00:00 16-Jan-2023,,1.00,2,,,, ,8,,32.00,4.00,21.700,21.900,,,56.00,4.00,20.700,21.300,,,64.00,4.00,20.500,21.300,,,80.00,4.00,19.100,21.100,,,104.00,4.00,18.500,20.500,,,128.00,4.00,18.500,19.300,,,144.00,4.00,18.300,19.100,,,176.00,4.00,18.100,18.300,,,,,,,,,,,,,,,,,,,,,,,,,,,,,,,,,,,,,,,,,,,,
227150,227150,0.500000,Transmission,MiniPAT,00:00:00 17-Jan-2023,,1.00,1,,,, ,8,,32.00,4.00,21.900,22.100,,,56.00,4.00,20.700,21.100,,,64.00,4.00,20.300,21.100,,,96.00,4.00,19.100,20.900,,,128.00,4.00,18.500,19.700,,,144.00,4.00,18.100,18.900,,,176.00,4.00,18.100,18.300,,,208.00,4.00,17.700,17.900,,,,,,,,,,,,,,,,,,,,,,,,,,,,,,,,,,,,,,,,,,,,
227150,227150,0.500000,Transmission,MiniPAT,00:00:00 19-Jan-2023,,1.00,1,,,, ,8,,56.00,4.00,21.700,22.500,,,64.00,4.00,20.700,22.500,,,88.00,4.00,19.500,22.300,,,104.00,4.00,18.900,21.700,,,128.00,4.00,18.300,19.900,,,152.00,4.00,18.100,19.300,,,168.00,4.00,17.900,18.700,,,200.00,4.00,17.900,18.100,,,,,,,,,,,,,,,,,,,,,,,,,,,,,,,,,,,,,,,,,,,,
227150,227150,0.500000,Transmission,MiniPAT,00:00:00 20-Jan-2023,,1.00,1,,,, ,8,,24.00,4.00,22.700,22.900,,,48.00,4.00,21.500,22.300,,,56.00,4.00,20.900,23.100,,,80.00,4.00,19.900,22.900,,,104.00,4.00,18.900,21.900,,,136.00,4.00,18.100,19.700,,,160.00,4.00,18.100,18.700,,,184.00,4.00,18.100,18.300,,,,,,,,,,,,,,,,,,,,,,,,,,,,,,,,,,,,,,,,,,,,
227150,227150,0.500000,Transmission,MiniPAT,00:00:00 22-Jan-2023,,1.00,2,,,, ,8,,48.00,4.00,21.300,22.300,,,64.00,4.00,19.900,22.100,,,80.00,4.00,19.300,21.500,,,104.00,4.00,18.900,20.300,,,128.00,4.00,18.500,19.500,,,144.00,4.00,18.300,19.500,,,176.00,4.00,17.900,18.300,,,200.00,4.00,17.900,18.100,,,,,,,,,,,,,,,,,,,,,,,,,,,,,,,,,,,,,,,,,,,,
227150,227150,0.500000,Transmission,MiniPAT,00:00:00 23-Jan-2023,,1.00,3,,,, ,8,,16.00,4.00,23.300,23.500,,,32.00,4.00,22.500,23.500,,,56.00,4.00,19.700,22.100,,,64.00,4.00,19.300,21.900,,,88.00,4.00,19.100,20.700,,,104.00,4.00,18.900,20.100,,,128.00,4.00,18.500,18.900,,,152.00,4.00,18.300,18.500,,,,,,,,,,,,,,,,,,,,,,,,,,,,,,,,,,,,,,,,,,,,
227150,227150,0.500000,Transmission,MiniPAT,00:00:00 24-Jan-2023,,1.00,2,,,, ,8,,48.00,4.00,20.700,22.500,,,56.00,4.00,20.100,22.700,,,80.00,4.00,18.900,21.100,,,104.00,4.00,18.500,20.100,,,144.00,4.00,17.700,18.700,,,152.00,4.00,17.700,18.500,,,176.00,4.00,17.700,18.300,,,208.00,4.00,17.500,17.900,,,,,,,,,,,,,,,,,,,,,,,,,,,,,,,,,,,,,,,,,,,,
227150,227150,0.500000,Transmission,MiniPAT,00:00:00 25-Jan-2023,,1.00,4,,,, ,8,,8.00,4.00,23.500,23.900,,,24.00,4.00,22.300,23.900,,,40.00,4.00,20.700,23.100,,,48.00,4.00,20.300,22.700,,,64.00,4.00,19.500,21.700,,,80.00,4.00,18.900,21.300,,,96.00,4.00,18.500,20.100,,,112.00,4.00,18.900,19.300,,,,,,,,,,,,,,,,,,,,,,,,,,,,,,,,,,,,,,,,,,,,
227150,227150,0.500000,Transmission,MiniPAT,00:00:00 26-Jan-2023,,1.00,3,,,, ,8,,24.00,4.00,23.500,23.900,,,48.00,4.00,20.300,22.100,,,56.00,4.00,19.900,21.900,,,88.00,4.00,18.900,21.500,,,112.00,4.00,18.100,19.500,,,136.00,4.00,17.900,18.700,,,168.00,4.00,17.300,17.900,,,200.00,4.00,16.900,17.300,,,,,,,,,,,,,,,,,,,,,,,,,,,,,,,,,,,,,,,,,,,,
227150,227150,0.500000,Transmission,MiniPAT,00:00:00 27-Jan-2023,,1.00,3,,,, ,8,,40.00,4.00,22.300,22.900,,,56.00,4.00,21.100,22.900,,,72.00,4.00,18.900,21.900,,,96.00,4.00,18.300,20.500,,,128.00,4.00,17.900,19.900,,,152.00,4.00,17.300,18.500,,,176.00,4.00,17.700,18.300,,,208.00,4.00,16.700,17.700,,,,,,,,,,,,,,,,,,,,,,,,,,,,,,,,,,,,,,,,,,,,
227150,227150,0.500000,Transmission,MiniPAT,00:00:00 28-Jan-2023,,1.00,1,,,, ,8,,48.00,4.00,21.300,23.500,,,56.00,4.00,19.900,22.900,,,80.00,4.00,18.300,22.900,,,104.00,4.00,18.100,21.900,,,128.00,4.00,17.700,19.900,,,144.00,4.00,17.500,18.700,,,168.00,4.00,17.100,18.300,,,200.00,4.00,17.100,17.300,,,,,,,,,,,,,,,,,,,,,,,,,,,,,,,,,,,,,,,,,,,,
227150,227150,0.500000,Transmission,MiniPAT,00:00:00 31-Jan-2023,,1.00,2,,,, ,8,,24.00,4.00,21.900,23.300,,,48.00,4.00,19.700,21.500,,,56.00,4.00,18.900,20.700,,,88.00,4.00,18.100,20.300,,,112.00,4.00,17.700,19.300,,,136.00,4.00,17.700,18.500,,,168.00,4.00,17.700,18.100,,,200.00,4.00,17.700,17.900,,,,,,,,,,,,,,,,,,,,,,,,,,,,,,,,,,,,,,,,,,,,
227150,227150,0.500000,Transmission,MiniPAT,00:00:00 01-Feb-2023,,1.00,3,,,, ,8,,16.00,4.00,23.300,23.500,,,32.00,4.00,22.100,23.300,,,48.00,4.00,19.300,21.500,,,64.00,4.00,18.900,21.100,,,88.00,4.00,18.500,19.500,,,104.00,4.00,18.300,19.100,,,128.00,4.00,17.900,18.700,,,152.00,4.00,17.700,18.300,,,,,,,,,,,,,,,,,,,,,,,,,,,,,,,,,,,,,,,,,,,,
227150,227150,0.500000,Transmission,MiniPAT,00:00:00 02-Feb-2023,,1.00,2,,,, ,8,,24.00,4.00,21.100,21.300,,,48.00,4.00,19.900,22.500,,,56.00,4.00,19.500,21.700,,,80.00,4.00,18.700,20.300,,,104.00,4.00,18.500,19.700,,,128.00,4.00,18.300,19.100,,,144.00,4.00,18.500,18.900,,,176.00,4.00,17.900,18.300,,,,,,,,,,,,,,,,,,,,,,,,,,,,,,,,,,,,,,,,,,,,
227150,227150,0.500000,Transmission,MiniPAT,00:00:00 03-Feb-2023,,1.00,6,,,, ,3,,40.00,4.00,20.500,22.700,,,48.00,4.00,20.100,23.100,,,72.00,4.00,20.500,20.900,,,,,,,,,,,,,,,,,,,,,,,,,,,,,,,,,,,,,,,,,,,,,,,,,,,,,,,,,,,,,,,,,,,,,,,,,,
227150,227150,0.500000,Transmission,MiniPAT,00:00:00 04-Feb-2023,,1.00,6,,,, ,7,,32.00,4.00,21.900,22.300,,,48.00,4.00,20.300,23.300,,,56.00,4.00,20.100,23.100,,,72.00,4.00,20.100,20.900,,,88.00,4.00,19.500,20.300,,,104.00,4.00,19.100,19.500,,,128.00,4.00,18.500,18.900,,,,,,,,,,,,,,,,,,,,,,,,,,,,,,,,,,,,,,,,,,,,,,,,,,
227150,227150,0.500000,Transmission,MiniPAT,00:00:00 05-Feb-2023,,1.00,4,,,, ,3,,40.00,4.00,20.900,22.900,,,48.00,4.00,20.300,22.100,,,72.00,4.00,20.500,21.700,,,,,,,,,,,,,,,,,,,,,,,,,,,,,,,,,,,,,,,,,,,,,,,,,,,,,,,,,,,,,,,,,,,,,,,,,,
227150,227150,0.500000,Transmission,MiniPAT,00:00:00 06-Feb-2023,,2.00,1,,,, ,8,,40.00,4.00,22.100,22.300,,,48.00,4.00,20.900,22.900,,,64.00,4.00,20.300,22.100,,,80.00,4.00,19.700,20.700,,,104.00,4.00,19.100,20.100,,,112.00,4.00,19.100,19.500,,,128.00,4.00,18.700,19.300,,,152.00,4.00,18.500,18.700,,,,,,,,,,,,,,,,,,,,,,,,,,,,,,,,,,,,,,,,,,,,
227150,227150,0.500000,Transmission,MiniPAT,00:00:00 07-Feb-2023,,2.00,1,,,, ,3,,40.00,4.00,21.500,22.700,,,48.00,4.00,20.500,23.500,,,72.00,4.00,20.500,20.700,,,,,,,,,,,,,,,,,,,,,,,,,,,,,,,,,,,,,,,,,,,,,,,,,,,,,,,,,,,,,,,,,,,,,,,,,,
227150,227150,0.500000,Transmission,MiniPAT,00:00:00 09-Feb-2023,,2.00,1,,,, ,4,,32.00,4.00,22.900,23.100,,,48.00,4.00,20.700,22.900,,,56.00,4.00,20.500,22.500,,,80.00,4.00,20.500,21.100,,,,,,,,,,,,,,,,,,,,,,,,,,,,,,,,,,,,,,,,,,,,,,,,,,,,,,,,,,,,,,,,,,,,
227150,227150,0.500000,Transmission,MiniPAT,00:00:00 12-Feb-2023,,2.00,2,,,, ,3,,40.00,4.00,22.300,23.100,,,48.00,4.00,21.100,23.700,,,72.00,4.00,22.100,22.300,,,,,,,,,,,,,,,,,,,,,,,,,,,,,,,,,,,,,,,,,,,,,,,,,,,,,,,,,,,,,,,,,,,,,,,,,,
227150,227150,0.500000,Transmission,MiniPAT,00:00:00 13-Feb-2023,,2.00,2,,,, ,3,,40.00,4.00,21.500,23.100,,,48.00,4.00,21.100,23.500,,,72.00,4.00,21.500,22.500,,,,,,,,,,,,,,,,,,,,,,,,,,,,,,,,,,,,,,,,,,,,,,,,,,,,,,,,,,,,,,,,,,,,,,,,,,
227150,227150,0.500000,Transmission,MiniPAT,00:00:00 14-Feb-2023,,2.00,2,,,, ,4,,24.00,4.00,22.700,23.300,,,40.00,4.00,21.900,23.100,,,48.00,4.00,21.100,24.100,,,72.00,4.00,21.100,21.900,,,,,,,,,,,,,,,,,,,,,,,,,,,,,,,,,,,,,,,,,,,,,,,,,,,,,,,,,,,,,,,,,,,,
227150,227150,0.500000,Transmission,MiniPAT,00:00:00 16-Feb-2023,,2.00,5,,,, ,5,,16.00,4.00,23.700,24.100,,,24.00,4.00,22.700,24.100,,,40.00,4.00,21.100,24.100,,,56.00,4.00,20.500,23.300,,,80.00,4.00,20.300,21.500,,,,,,,,,,,,,,,,,,,,,,,,,,,,,,,,,,,,,,,,,,,,,,,,,,,,,,,,,,,,,,
227150,227150,0.500000,Transmission,MiniPAT,00:00:00 17-Feb-2023,,2.00,5,,,, ,3,,24.00,4.00,23.700,23.900,,,32.00,4.00,21.900,23.900,,,56.00,4.00,21.500,21.900,,,,,,,,,,,,,,,,,,,,,,,,,,,,,,,,,,,,,,,,,,,,,,,,,,,,,,,,,,,,,,,,,,,,,,,,,,
227150,227150,0.500000,Transmission,MiniPAT,00:00:00 18-Feb-2023,,2.00,1,,,, ,4,,16.00,4.00,22.300,23.700,,,32.00,4.00,21.500,23.900,,,40.00,4.00,21.100,23.700,,,64.00,4.00,20.700,21.100,,,,,,,,,,,,,,,,,,,,,,,,,,,,,,,,,,,,,,,,,,,,,,,,,,,,,,,,,,,,,,,,,,,,
227150,227150,0.500000,Transmission,MiniPAT,00:00:00 20-Feb-2023,,2.00,1,,,, ,5,,0.00,4.00,23.700,23.900,,,16.00,4.00,22.900,23.900,,,24.00,4.00,21.300,24.100,,,40.00,4.00,20.700,23.900,,,56.00,4.00,20.100,21.500,,,,,,,,,,,,,,,,,,,,,,,,,,,,,,,,,,,,,,,,,,,,,,,,,,,,,,,,,,,,,,
227150,227150,0.500000,Transmission,MiniPAT,00:00:00 21-Feb-2023,,2.00,1,,,, ,4,,16.00,4.00,23.900,24.100,,,24.00,4.00,22.900,24.300,,,40.00,4.00,22.300,24.100,,,56.00,4.00,23.100,23.500,,,,,,,,,,,,,,,,,,,,,,,,,,,,,,,,,,,,,,,,,,,,,,,,,,,,,,,,,,,,,,,,,,,,
227150,227150,0.500000,Transmission,MiniPAT,00:00:00 22-Feb-2023,,2.00,1,,,, ,4,,16.00,4.00,24.100,24.300,,,32.00,4.00,22.700,24.300,,,40.00,4.00,22.700,24.300,,,56.00,4.00,23.100,23.300,,,,,,,,,,,,,,,,,,,,,,,,,,,,,,,,,,,,,,,,,,,,,,,,,,,,,,,,,,,,,,,,,,,,
227150,227150,0.500000,Transmission,MiniPAT,00:00:00 23-Feb-2023,,2.00,2,,,, ,5,,24.00,4.00,23.700,23.900,,,40.00,4.00,20.900,24.100,,,48.00,4.00,20.700,24.100,,,64.00,4.00,20.500,24.100,,,80.00,4.00,20.700,21.300,,,,,,,,,,,,,,,,,,,,,,,,,,,,,,,,,,,,,,,,,,,,,,,,,,,,,,,,,,,,,,
227150,227150,0.500000,Transmission,MiniPAT,00:00:00 24-Feb-2023,,2.00,2,,,, ,5,,24.00,4.00,23.700,23.900,,,40.00,4.00,21.700,23.900,,,48.00,4.00,21.300,23.900,,,64.00,4.00,20.700,23.900,,,80.00,4.00,20.700,20.900,,,,,,,,,,,,,,,,,,,,,,,,,,,,,,,,,,,,,,,,,,,,,,,,,,,,,,,,,,,,,,
227150,227150,0.500000,Transmission,MiniPAT,00:00:00 25-Feb-2023,,2.00,8,,,, ,4,,32.00,4.00,23.700,23.900,,,40.00,4.00,22.500,24.100,,,56.00,4.00,20.900,23.900,,,72.00,4.00,20.700,21.700,,,,,,,,,,,,,,,,,,,,,,,,,,,,,,,,,,,,,,,,,,,,,,,,,,,,,,,,,,,,,,,,,,,,
227150,227150,0.500000,Transmission,MiniPAT,00:00:00 26-Feb-2023,,2.00,6,,,, ,5,,16.00,4.00,23.900,24.300,,,32.00,4.00,23.900,24.100,,,48.00,4.00,20.500,24.100,,,56.00,4.00,20.500,23.500,,,80.00,4.00,21.300,21.700,,,,,,,,,,,,,,,,,,,,,,,,,,,,,,,,,,,,,,,,,,,,,,,,,,,,,,,,,,,,,,
227150,227150,0.500000,Transmission,MiniPAT,00:00:00 27-Feb-2023,,2.00,5,,,, ,4,,40.00,4.00,21.300,23.300,,,48.00,4.00,20.500,23.500,,,64.00,4.00,20.500,22.500,,,80.00,4.00,21.100,21.300,,,,,,,,,,,,,,,,,,,,,,,,,,,,,,,,,,,,,,,,,,,,,,,,,,,,,,,,,,,,,,,,,,,,
227150,227150,0.500000,Transmission,MiniPAT,00:00:00 28-Feb-2023,,2.00,4,,,, ,4,,40.00,4.00,21.500,22.700,,,48.00,4.00,20.300,23.100,,,64.00,4.00,20.300,22.300,,,80.00,4.00,21.100,21.500,,,,,,,,,,,,,,,,,,,,,,,,,,,,,,,,,,,,,,,,,,,,,,,,,,,,,,,,,,,,,,,,,,,,
227150,227150,0.500000,Transmission,MiniPAT,00:00:00 01-Mar-2023,,2.00,2,,,, ,3,,40.00,4.00,20.900,22.900,,,48.00,4.00,20.100,23.100,,,64.00,4.00,19.900,21.900,,,,,,,,,,,,,,,,,,,,,,,,,,,,,,,,,,,,,,,,,,,,,,,,,,,,,,,,,,,,,,,,,,,,,,,,,,
227150,227150,0.500000,Transmission,MiniPAT,00:00:00 03-Mar-2023,,2.00,1,,,, ,4,,32.00,4.00,23.700,23.900,,,48.00,4.00,21.300,23.100,,,56.00,4.00,20.700,22.900,,,72.00,4.00,20.700,20.900,,,,,,,,,,,,,,,,,,,,,,,,,,,,,,,,,,,,,,,,,,,,,,,,,,,,,,,,,,,,,,,,,,,,
227150,227150,0.500000,Transmission,MiniPAT,00:00:00 04-Mar-2023,,2.00,1,,,, ,3,,40.00,4.00,21.700,23.300,,,48.00,4.00,21.300,23.100,,,72.00,4.00,20.900,21.100,,,,,,,,,,,,,,,,,,,,,,,,,,,,,,,,,,,,,,,,,,,,,,,,,,,,,,,,,,,,,,,,,,,,,,,,,,
227150,227150,0.500000,Transmission,MiniPAT,00:00:00 07-Mar-2023,,2.00,3,,,, ,4,,48.00,4.00,20.700,21.500,,,56.00,4.00,19.900,23.100,,,72.00,4.00,19.900,21.100,,,88.00,4.00,19.500,19.900,,,,,,,,,,,,,,,,,,,,,,,,,,,,,,,,,,,,,,,,,,,,,,,,,,,,,,,,,,,,,,,,,,,,
227150,227150,0.500000,Transmission,MiniPAT,00:00:00 08-Mar-2023,,2.00,2,,,, ,3,,48.00,4.00,20.500,21.700,,,56.00,4.00,19.900,22.300,,,72.00,4.00,19.900,20.700,,,,,,,,,,,,,,,,,,,,,,,,,,,,,,,,,,,,,,,,,,,,,,,,,,,,,,,,,,,,,,,,,,,,,,,,,,
227150,227150,0.500000,Transmission,MiniPAT,00:00:00 09-Mar-2023,,2.00,2,,,, ,3,,48.00,4.00,20.100,21.700,,,56.00,4.00,19.500,22.500,,,72.00,4.00,19.700,21.300,,,,,,,,,,,,,,,,,,,,,,,,,,,,,,,,,,,,,,,,,,,,,,,,,,,,,,,,,,,,,,,,,,,,,,,,,,
227150,227150,0.500000,Transmission,MiniPAT,00:00:00 10-Mar-2023,,2.00,3,,,, ,2,,48.00,4.00,19.900,22.500,,,64.00,4.00,19.900,22.100,,,,,,,,,,,,,,,,,,,,,,,,,,,,,,,,,,,,,,,,,,,,,,,,,,,,,,,,,,,,,,,,,,,,,,,,,,,,,,,,
227150,227150,0.500000,Transmission,MiniPAT,00:00:00 11-Mar-2023,,2.00,2,,,, ,3,,48.00,4.00,20.700,23.500,,,56.00,4.00,20.300,23.300,,,72.00,4.00,20.500,21.900,,,,,,,,,,,,,,,,,,,,,,,,,,,,,,,,,,,,,,,,,,,,,,,,,,,,,,,,,,,,,,,,,,,,,,,,,,
227150,227150,0.500000,Transmission,MiniPAT,00:00:00 12-Mar-2023,,2.00,4,,,, ,3,,48.00,4.00,20.500,23.700,,,56.00,4.00,20.100,23.900,,,72.00,4.00,20.100,21.500,,,,,,,,,,,,,,,,,,,,,,,,,,,,,,,,,,,,,,,,,,,,,,,,,,,,,,,,,,,,,,,,,,,,,,,,,,
227150,227150,0.500000,Transmission,MiniPAT,00:00:00 13-Mar-2023,,2.00,4,,,, ,4,,32.00,4.00,23.700,23.900,,,40.00,4.00,22.500,23.900,,,56.00,4.00,20.300,23.900,,,80.00,4.00,21.500,22.100,,,,,,,,,,,,,,,,,,,,,,,,,,,,,,,,,,,,,,,,,,,,,,,,,,,,,,,,,,,,,,,,,,,,
227150,227150,0.500000,Transmission,MiniPAT,00:00:00 14-Mar-2023,,2.00,5,,,, ,4,,40.00,4.00,22.700,23.900,,,48.00,4.00,20.900,23.900,,,64.00,4.00,20.300,23.700,,,88.00,4.00,20.500,20.900,,,,,,,,,,,,,,,,,,,,,,,,,,,,,,,,,,,,,,,,,,,,,,,,,,,,,,,,,,,,,,,,,,,,
227150,227150,0.500000,Transmission,MiniPAT,00:00:00 15-Mar-2023,,2.00,6,,,, ,3,,48.00,4.00,21.500,23.900,,,56.00,4.00,20.700,23.700,,,80.00,4.00,19.500,21.500,,,,,,,,,,,,,,,,,,,,,,,,,,,,,,,,,,,,,,,,,,,,,,,,,,,,,,,,,,,,,,,,,,,,,,,,,,
227150,227150,0.500000,Transmission,MiniPAT,00:00:00 16-Mar-2023,,2.00,4,,,, ,5,,16.00,4.00,23.900,24.300,,,32.00,4.00,23.900,24.100,,,48.00,4.00,21.500,24.100,,,56.00,4.00,20.300,24.100,,,80.00,4.00,19.100,19.900,,,,,,,,,,,,,,,,,,,,,,,,,,,,,,,,,,,,,,,,,,,,,,,,,,,,,,,,,,,,,,
227150,227150,0.500000,Transmission,MiniPAT,00:00:00 17-Mar-2023,,2.00,2,,,, ,3,,40.00,4.00,22.700,22.900,,,56.00,4.00,21.100,23.900,,,72.00,4.00,21.700,23.500,,,,,,,,,,,,,,,,,,,,,,,,,,,,,,,,,,,,,,,,,,,,,,,,,,,,,,,,,,,,,,,,,,,,,,,,,,
227150,227150,0.500000,Transmission,MiniPAT,00:00:00 18-Mar-2023,,2.00,1,,,, ,3,,40.00,4.00,22.500,22.700,,,56.00,4.00,21.100,23.100,,,72.00,4.00,20.900,22.300,,,,,,,,,,,,,,,,,,,,,,,,,,,,,,,,,,,,,,,,,,,,,,,,,,,,,,,,,,,,,,,,,,,,,,,,,,
227150,227150,0.500000,Transmission,MiniPAT,00:00:00 19-Mar-2023,,3.00,3,,,, ,4,,24.00,4.00,24.100,24.500,,,40.00,4.00,23.500,24.500,,,56.00,4.00,20.900,24.100,,,72.00,4.00,20.900,22.500,,,,,,,,,,,,,,,,,,,,,,,,,,,,,,,,,,,,,,,,,,,,,,,,,,,,,,,,,,,,,,,,,,,,
227150,227150,0.500000,Transmission,MiniPAT,00:00:00 20-Mar-2023,,3.00,1,,,, ,8,,0.00,4.00,24.700,24.900,,,16.00,4.00,24.100,24.700,,,24.00,4.00,23.900,24.700,,,40.00,4.00,23.100,24.300,,,56.00,4.00,19.700,24.300,,,72.00,4.00,19.300,24.300,,,88.00,4.00,19.100,23.900,,,104.00,4.00,18.900,19.700,,,,,,,,,,,,,,,,,,,,,,,,,,,,,,,,,,,,,,,,,,,,
227150,227150,0.500000,Transmission,MiniPAT,00:00:00 21-Mar-2023,,3.00,3,,,, ,4,,24.00,4.00,22.500,24.300,,,32.00,4.00,22.300,24.300,,,48.00,4.00,20.100,24.300,,,72.00,4.00,19.900,24.100,,,,,,,,,,,,,,,,,,,,,,,,,,,,,,,,,,,,,,,,,,,,,,,,,,,,,,,,,,,,,,,,,,,,
227150,227150,0.500000,Transmission,MiniPAT,00:00:00 22-Mar-2023,,3.00,2,,,, ,4,,32.00,4.00,22.300,24.300,,,40.00,4.00,21.700,24.300,,,56.00,4.00,20.100,23.900,,,80.00,4.00,19.900,20.100,,,,,,,,,,,,,,,,,,,,,,,,,,,,,,,,,,,,,,,,,,,,,,,,,,,,,,,,,,,,,,,,,,,,
227150,227150,0.500000,Transmission,MiniPAT,00:00:00 23-Mar-2023,,3.00,5,,,, ,4,,32.00,4.00,24.100,24.300,,,48.00,4.00,21.700,24.500,,,56.00,4.00,20.900,24.300,,,80.00,4.00,21.700,22.900,,,,,,,,,,,,,,,,,,,,,,,,,,,,,,,,,,,,,,,,,,,,,,,,,,,,,,,,,,,,,,,,,,,,
227150,227150,0.500000,Transmission,MiniPAT,00:00:00 24-Mar-2023,,3.00,3,,,, ,3,,40.00,4.00,22.700,23.700,,,48.00,4.00,21.300,24.500,,,72.00,4.00,22.100,22.300,,,,,,,,,,,,,,,,,,,,,,,,,,,,,,,,,,,,,,,,,,,,,,,,,,,,,,,,,,,,,,,,,,,,,,,,,,
227150,227150,0.500000,Transmission,MiniPAT,00:00:00 25-Mar-2023,,3.00,1,,,, ,4,,32.00,4.00,24.300,24.700,,,48.00,4.00,21.300,24.100,,,56.00,4.00,21.100,23.300,,,72.00,4.00,21.300,21.700,,,,,,,,,,,,,,,,,,,,,,,,,,,,,,,,,,,,,,,,,,,,,,,,,,,,,,,,,,,,,,,,,,,,
227150,227150,0.500000,Transmission,MiniPAT,00:00:00 26-Mar-2023,,3.00,1,,,, ,4,,40.00,4.00,23.100,23.300,,,56.00,4.00,20.700,23.100,,,64.00,4.00,20.500,22.900,,,80.00,4.00,21.100,21.500,,,,,,,,,,,,,,,,,,,,,,,,,,,,,,,,,,,,,,,,,,,,,,,,,,,,,,,,,,,,,,,,,,,,
227150,227150,0.500000,Transmission,MiniPAT,00:00:00 27-Mar-2023,,3.00,4,,,, ,4,,32.00,4.00,24.500,24.700,,,48.00,4.00,21.900,23.500,,,56.00,4.00,20.900,22.900,,,72.00,4.00,21.100,21.500,,,,,,,,,,,,,,,,,,,,,,,,,,,,,,,,,,,,,,,,,,,,,,,,,,,,,,,,,,,,,,,,,,,,
227150,227150,0.500000,Transmission,MiniPAT,00:00:00 28-Mar-2023,,3.00,2,,,, ,4,,40.00,4.00,24.300,24.700,,,56.00,4.00,21.500,24.300,,,64.00,4.00,21.500,24.100,,,80.00,4.00,22.100,22.500,,,,,,,,,,,,,,,,,,,,,,,,,,,,,,,,,,,,,,,,,,,,,,,,,,,,,,,,,,,,,,,,,,,,
227150,227150,0.500000,Transmission,MiniPAT,00:00:00 29-Mar-2023,,3.00,2,,,, ,4,,32.00,4.00,24.300,24.500,,,48.00,4.00,22.900,24.300,,,56.00,4.00,22.300,24.300,,,80.00,4.00,22.300,22.700,,,,,,,,,,,,,,,,,,,,,,,,,,,,,,,,,,,,,,,,,,,,,,,,,,,,,,,,,,,,,,,,,,,,
227150,227150,0.500000,Transmission,MiniPAT,00:00:00 31-Mar-2023,,3.00,2,,,, ,4,,32.00,4.00,23.700,23.900,,,48.00,4.00,22.500,24.100,,,56.00,4.00,21.900,23.500,,,80.00,4.00,22.100,22.500,,,,,,,,,,,,,,,,,,,,,,,,,,,,,,,,,,,,,,,,,,,,,,,,,,,,,,,,,,,,,,,,,,,,
227150,227150,0.500000,Transmission,MiniPAT,00:00:00 01-Apr-2023,,3.00,4,,,, ,4,,24.00,4.00,23.900,24.100,,,32.00,4.00,23.700,24.100,,,56.00,4.00,22.100,23.300,,,72.00,4.00,22.300,22.900,,,,,,,,,,,,,,,,,,,,,,,,,,,,,,,,,,,,,,,,,,,,,,,,,,,,,,,,,,,,,,,,,,,,
227150,227150,0.500000,Transmission,MiniPAT,00:00:00 02-Apr-2023,,3.00,1,,,, ,3,,48.00,4.00,22.700,23.900,,,56.00,4.00,22.100,23.900,,,80.00,4.00,20.900,22.700,,,,,,,,,,,,,,,,,,,,,,,,,,,,,,,,,,,,,,,,,,,,,,,,,,,,,,,,,,,,,,,,,,,,,,,,,,
227150,227150,0.500000,Transmission,MiniPAT,00:00:00 03-Apr-2023,,3.00,2,,,, ,3,,40.00,4.00,23.300,23.900,,,48.00,4.00,21.300,23.900,,,64.00,4.00,20.900,23.500,,,,,,,,,,,,,,,,,,,,,,,,,,,,,,,,,,,,,,,,,,,,,,,,,,,,,,,,,,,,,,,,,,,,,,,,,,
227150,227150,0.500000,Transmission,MiniPAT,00:00:00 04-Apr-2023,,3.00,3,,,, ,3,,40.00,4.00,22.900,23.900,,,48.00,4.00,21.300,23.100,,,64.00,4.00,20.900,22.300,,,,,,,,,,,,,,,,,,,,,,,,,,,,,,,,,,,,,,,,,,,,,,,,,,,,,,,,,,,,,,,,,,,,,,,,,,
227150,227150,0.500000,Transmission,MiniPAT,00:00:00 05-Apr-2023,,3.00,1,,,, ,4,,40.00,4.00,23.100,23.500,,,48.00,4.00,22.100,23.700,,,64.00,4.00,21.100,23.300,,,80.00,4.00,20.500,20.700,,,,,,,,,,,,,,,,,,,,,,,,,,,,,,,,,,,,,,,,,,,,,,,,,,,,,,,,,,,,,,,,,,,,
227150,227150,0.500000,Transmission,MiniPAT,00:00:00 06-Apr-2023,,3.00,4,,,, ,3,,40.00,4.00,22.900,23.100,,,48.00,4.00,22.100,23.500,,,72.00,4.00,21.100,22.300,,,,,,,,,,,,,,,,,,,,,,,,,,,,,,,,,,,,,,,,,,,,,,,,,,,,,,,,,,,,,,,,,,,,,,,,,,
227150,227150,0.500000,Transmission,MiniPAT,00:00:00 07-Apr-2023,,3.00,1,,,, ,3,,40.00,4.00,22.900,23.500,,,48.00,4.00,22.300,23.500,,,64.00,4.00,21.500,22.700,,,,,,,,,,,,,,,,,,,,,,,,,,,,,,,,,,,,,,,,,,,,,,,,,,,,,,,,,,,,,,,,,,,,,,,,,,
227150,227150,0.500000,Transmission,MiniPAT,00:00:00 08-Apr-2023,,3.00,2,,,, ,4,,24.00,4.00,23.100,23.300,,,40.00,4.00,23.100,23.500,,,56.00,4.00,21.300,23.700,,,72.00,4.00,20.900,22.900,,,,,,,,,,,,,,,,,,,,,,,,,,,,,,,,,,,,,,,,,,,,,,,,,,,,,,,,,,,,,,,,,,,,
227150,227150,0.500000,Transmission,MiniPAT,00:00:00 09-Apr-2023,,3.00,2,,,, ,3,,48.00,4.00,21.900,23.700,,,56.00,4.00,21.700,23.700,,,72.00,4.00,21.700,22.300,,,,,,,,,,,,,,,,,,,,,,,,,,,,,,,,,,,,,,,,,,,,,,,,,,,,,,,,,,,,,,,,,,,,,,,,,,
227150,227150,0.500000,Transmission,MiniPAT,00:00:00 11-Apr-2023,,3.00,1,,,, ,3,,40.00,4.00,23.100,23.300,,,56.00,4.00,21.900,23.500,,,72.00,4.00,22.100,23.100,,,,,,,,,,,,,,,,,,,,,,,,,,,,,,,,,,,,,,,,,,,,,,,,,,,,,,,,,,,,,,,,,,,,,,,,,,
227150,227150,0.500000,Transmission,MiniPAT,00:00:00 13-Apr-2023,,3.00,3,,,, ,3,,40.00,4.00,23.100,23.500,,,48.00,4.00,22.500,23.500,,,72.00,4.00,21.500,23.300,,,,,,,,,,,,,,,,,,,,,,,,,,,,,,,,,,,,,,,,,,,,,,,,,,,,,,,,,,,,,,,,,,,,,,,,,,
227150,227150,0.500000,Transmission,MiniPAT,00:00:00 14-Apr-2023,,3.00,4,,,, ,6,,8.00,4.00,23.900,24.100,,,16.00,4.00,23.900,24.100,,,40.00,4.00,22.700,24.100,,,48.00,4.00,22.500,23.900,,,64.00,4.00,22.300,23.700,,,88.00,4.00,22.500,22.700,,,,,,,,,,,,,,,,,,,,,,,,,,,,,,,,,,,,,,,,,,,,,,,,,,,,,,,,
227150,227150,0.500000,Transmission,MiniPAT,00:00:00 15-Apr-2023,,3.00,4,,,, ,5,,16.00,4.00,23.700,23.900,,,32.00,4.00,22.700,24.300,,,40.00,4.00,22.300,24.300,,,56.00,4.00,22.100,24.100,,,80.00,4.00,22.100,22.300,,,,,,,,,,,,,,,,,,,,,,,,,,,,,,,,,,,,,,,,,,,,,,,,,,,,,,,,,,,,,,
227150,227150,0.500000,Transmission,MiniPAT,00:00:00 16-Apr-2023,,3.00,3,,,, ,3,,40.00,4.00,22.900,24.100,,,48.00,4.00,22.500,24.300,,,72.00,4.00,22.900,23.700,,,,,,,,,,,,,,,,,,,,,,,,,,,,,,,,,,,,,,,,,,,,,,,,,,,,,,,,,,,,,,,,,,,,,,,,,,
227150,227150,0.500000,Transmission,MiniPAT,00:00:00 17-Apr-2023,,3.00,3,,,, ,5,,24.00,4.00,23.900,24.100,,,40.00,4.00,23.700,24.100,,,48.00,4.00,22.500,24.100,,,64.00,4.00,21.700,23.900,,,80.00,4.00,22.900,23.100,,,,,,,,,,,,,,,,,,,,,,,,,,,,,,,,,,,,,,,,,,,,,,,,,,,,,,,,,,,,,,
227150,227150,0.500000,Transmission,MiniPAT,00:00:00 18-Apr-2023,,3.00,4,,,, ,4,,32.00,4.00,23.300,23.900,,,48.00,4.00,22.700,23.900,,,56.00,4.00,22.300,23.900,,,72.00,4.00,22.500,23.500,,,,,,,,,,,,,,,,,,,,,,,,,,,,,,,,,,,,,,,,,,,,,,,,,,,,,,,,,,,,,,,,,,,,
227150,227150,0.500000,Transmission,MiniPAT,00:00:00 19-Apr-2023,,3.00,2,,,, ,3,,40.00,4.00,22.100,23.300,,,48.00,4.00,21.300,23.500,,,72.00,4.00,22.500,22.900,,,,,,,,,,,,,,,,,,,,,,,,,,,,,,,,,,,,,,,,,,,,,,,,,,,,,,,,,,,,,,,,,,,,,,,,,,
227150,227150,0.500000,Transmission,MiniPAT,00:00:00 20-Apr-2023,,3.00,3,,,, ,4,,32.00,4.00,22.700,23.300,,,40.00,4.00,22.300,23.100,,,56.00,4.00,21.300,23.100,,,72.00,4.00,21.500,23.100,,,,,,,,,,,,,,,,,,,,,,,,,,,,,,,,,,,,,,,,,,,,,,,,,,,,,,,,,,,,,,,,,,,,
227150,227150,0.500000,Transmission,MiniPAT,00:00:00 21-Apr-2023,,3.00,2,,,, ,4,,16.00,4.00,22.900,23.100,,,32.00,4.00,22.700,23.100,,,40.00,4.00,21.900,23.100,,,56.00,4.00,21.900,22.900,,,,,,,,,,,,,,,,,,,,,,,,,,,,,,,,,,,,,,,,,,,,,,,,,,,,,,,,,,,,,,,,,,,,
227150,227150,0.500000,Transmission,MiniPAT,00:00:00 22-Apr-2023,,3.00,1,,,, ,5,,0.00,4.00,22.700,23.100,,,8.00,4.00,22.700,23.100,,,24.00,4.00,22.500,22.900,,,40.00,4.00,21.900,22.900,,,56.00,4.00,22.500,22.700,,,,,,,,,,,,,,,,,,,,,,,,,,,,,,,,,,,,,,,,,,,,,,,,,,,,,,,,,,,,,,
227150,227150,0.500000,Transmission,MiniPAT,00:00:00 23-Apr-2023,,3.00,1,,,, ,4,,16.00,4.00,22.500,22.900,,,24.00,4.00,22.500,23.300,,,40.00,4.00,22.300,23.100,,,56.00,4.00,22.300,22.700,,,,,,,,,,,,,,,,,,,,,,,,,,,,,,,,,,,,,,,,,,,,,,,,,,,,,,,,,,,,,,,,,,,,
227150,227150,0.500000,Transmission,MiniPAT,00:00:00 24-Apr-2023,,3.00,1,,,, ,3,,24.00,4.00,22.500,23.100,,,32.00,4.00,22.300,23.100,,,56.00,4.00,22.100,22.500,,,,,,,,,,,,,,,,,,,,,,,,,,,,,,,,,,,,,,,,,,,,,,,,,,,,,,,,,,,,,,,,,,,,,,,,,,
227150,227150,0.500000,Transmission,MiniPAT,00:00:00 25-Apr-2023,,3.00,2,,,, ,4,,24.00,4.00,22.500,22.700,,,40.00,4.00,21.900,22.700,,,48.00,4.00,21.700,22.500,,,64.00,4.00,21.500,22.100,,,,,,,,,,,,,,,,,,,,,,,,,,,,,,,,,,,,,,,,,,,,,,,,,,,,,,,,,,,,,,,,,,,,
227150,227150,0.500000,Transmission,MiniPAT,00:00:00 26-Apr-2023,,3.00,2,,,, ,4,,32.00,4.00,22.100,22.700,,,40.00,4.00,21.100,22.700,,,56.00,4.00,21.300,22.700,,,80.00,4.00,21.500,21.700,,,,,,,,,,,,,,,,,,,,,,,,,,,,,,,,,,,,,,,,,,,,,,,,,,,,,,,,,,,,,,,,,,,,
227150,227150,0.500000,Transmission,MiniPAT,00:00:00 27-Apr-2023,,3.00,1,,,, ,2,,40.00,4.00,21.900,22.700,,,56.00,4.00,21.700,22.700,,,,,,,,,,,,,,,,,,,,,,,,,,,,,,,,,,,,,,,,,,,,,,,,,,,,,,,,,,,,,,,,,,,,,,,,,,,,,,,,
227150,227150,0.500000,Transmission,MiniPAT,00:00:00 28-Apr-2023,,3.00,2,,,, ,2,,40.00,4.00,22.300,22.700,,,56.00,4.00,22.300,22.700,,,,,,,,,,,,,,,,,,,,,,,,,,,,,,,,,,,,,,,,,,,,,,,,,,,,,,,,,,,,,,,,,,,,,,,,,,,,,,,,
227150,227150,0.500000,Transmission,MiniPAT,00:00:00 29-Apr-2023,,4.00,3,,,, ,2,,40.00,4.00,22.300,22.900,,,56.00,4.00,22.300,22.700,,,,,,,,,,,,,,,,,,,,,,,,,,,,,,,,,,,,,,,,,,,,,,,,,,,,,,,,,,,,,,,,,,,,,,,,,,,,,,,,
227150,227150,0.500000,Transmission,MiniPAT,00:00:00 30-Apr-2023,,4.00,4,,,, ,2,,40.00,4.00,22.300,22.900,,,56.00,4.00,22.300,22.700,,,,,,,,,,,,,,,,,,,,,,,,,,,,,,,,,,,,,,,,,,,,,,,,,,,,,,,,,,,,,,,,,,,,,,,,,,,,,,,,
227150,227150,0.500000,Transmission,MiniPAT,00:00:00 01-May-2023,,4.00,1,,,, ,2,,40.00,4.00,22.500,22.900,,,56.00,4.00,22.500,22.900,,,,,,,,,,,,,,,,,,,,,,,,,,,,,,,,,,,,,,,,,,,,,,,,,,,,,,,,,,,,,,,,,,,,,,,,,,,,,,,,
227150,227150,0.500000,Transmission,MiniPAT,00:00:00 02-May-2023,,4.00,1,,,, ,3,,32.00,4.00,22.300,22.500,,,40.00,4.00,22.300,22.900,,,56.00,4.00,22.300,22.700,,,,,,,,,,,,,,,,,,,,,,,,,,,,,,,,,,,,,,,,,,,,,,,,,,,,,,,,,,,,,,,,,,,,,,,,,,
227150,227150,0.500000,Transmission,MiniPAT,00:00:00 03-May-2023,,4.00,2,,,, ,2,,40.00,4.00,22.100,22.700,,,56.00,4.00,22.100,22.700,,,,,,,,,,,,,,,,,,,,,,,,,,,,,,,,,,,,,,,,,,,,,,,,,,,,,,,,,,,,,,,,,,,,,,,,,,,,,,,,
227150,227150,0.500000,Transmission,MiniPAT,00:00:00 04-May-2023,,4.00,1,,,, ,2,,40.00,4.00,22.300,22.500,,,56.00,4.00,22.100,22.500,,,,,,,,,,,,,,,,,,,,,,,,,,,,,,,,,,,,,,,,,,,,,,,,,,,,,,,,,,,,,,,,,,,,,,,,,,,,,,,,
227150,227150,0.500000,Transmission,MiniPAT,00:00:00 05-May-2023,,4.00,1,,,, ,3,,40.00,4.00,21.700,22.500,,,48.00,4.00,21.700,22.500,,,64.00,4.00,22.100,22.300,,,,,,,,,,,,,,,,,,,,,,,,,,,,,,,,,,,,,,,,,,,,,,,,,,,,,,,,,,,,,,,,,,,,,,,,,,
227150,227150,0.500000,Transmission,MiniPAT,00:00:00 06-May-2023,,4.00,1,,,, ,2,,40.00,4.00,21.900,22.300,,,56.00,4.00,21.500,22.500,,,,,,,,,,,,,,,,,,,,,,,,,,,,,,,,,,,,,,,,,,,,,,,,,,,,,,,,,,,,,,,,,,,,,,,,,,,,,,,,
227150,227150,0.500000,Transmission,MiniPAT,00:00:00 07-May-2023,,4.00,5,,,, ,2,,40.00,4.00,21.700,22.300,,,56.00,4.00,21.700,22.300,,,,,,,,,,,,,,,,,,,,,,,,,,,,,,,,,,,,,,,,,,,,,,,,,,,,,,,,,,,,,,,,,,,,,,,,,,,,,,,,
227150,227150,0.500000,Transmission,MiniPAT,00:00:00 08-May-2023,,4.00,4,,,, ,3,,40.00,4.00,21.700,22.500,,,48.00,4.00,21.500,22.500,,,72.00,4.00,21.500,21.700,,,,,,,,,,,,,,,,,,,,,,,,,,,,,,,,,,,,,,,,,,,,,,,,,,,,,,,,,,,,,,,,,,,,,,,,,,
227150,227150,0.500000,Transmission,MiniPAT,00:00:00 09-May-2023,,4.00,3,,,, ,3,,32.00,4.00,21.500,22.100,,,48.00,4.00,20.700,22.100,,,64.00,4.00,21.500,21.700,,,,,,,,,,,,,,,,,,,,,,,,,,,,,,,,,,,,,,,,,,,,,,,,,,,,,,,,,,,,,,,,,,,,,,,,,,
227150,227150,0.500000,Transmission,MiniPAT,00:00:00 10-May-2023,,4.00,4,,,, ,2,,40.00,4.00,21.500,21.900,,,56.00,4.00,21.500,21.900,,,,,,,,,,,,,,,,,,,,,,,,,,,,,,,,,,,,,,,,,,,,,,,,,,,,,,,,,,,,,,,,,,,,,,,,,,,,,,,,
227150,227150,0.500000,Transmission,MiniPAT,00:00:00 11-May-2023,,4.00,2,,,, ,3,,32.00,4.00,21.300,21.500,,,48.00,4.00,21.100,21.700,,,56.00,4.00,21.100,21.700,,,,,,,,,,,,,,,,,,,,,,,,,,,,,,,,,,,,,,,,,,,,,,,,,,,,,,,,,,,,,,,,,,,,,,,,,,
227150,227150,0.500000,Transmission,MiniPAT,00:00:00 12-May-2023,,4.00,1,,,, ,2,,40.00,4.00,21.300,21.500,,,56.00,4.00,21.300,21.700,,,,,,,,,,,,,,,,,,,,,,,,,,,,,,,,,,,,,,,,,,,,,,,,,,,,,,,,,,,,,,,,,,,,,,,,,,,,,,,,
227150,227150,0.500000,Transmission,MiniPAT,00:00:00 13-May-2023,,4.00,3,,,, ,3,,24.00,4.00,21.100,21.300,,,40.00,4.00,21.100,21.700,,,56.00,4.00,21.100,21.500,,,,,,,,,,,,,,,,,,,,,,,,,,,,,,,,,,,,,,,,,,,,,,,,,,,,,,,,,,,,,,,,,,,,,,,,,,
227150,227150,0.500000,Transmission,MiniPAT,00:00:00 14-May-2023,,4.00,1,,,, ,4,,32.00,4.00,21.100,21.300,,,48.00,4.00,20.900,21.300,,,56.00,4.00,20.700,21.300,,,72.00,4.00,20.700,21.300,,,,,,,,,,,,,,,,,,,,,,,,,,,,,,,,,,,,,,,,,,,,,,,,,,,,,,,,,,,,,,,,,,,,
227150,227150,0.500000,Transmission,MiniPAT,00:00:00 15-May-2023,,4.00,2,,,, ,2,,40.00,4.00,20.900,21.300,,,56.00,4.00,20.900,21.300,,,,,,,,,,,,,,,,,,,,,,,,,,,,,,,,,,,,,,,,,,,,,,,,,,,,,,,,,,,,,,,,,,,,,,,,,,,,,,,,
227150,227150,0.500000,Transmission,MiniPAT,00:00:00 16-May-2023,,4.00,2,,,, ,3,,40.00,4.00,20.900,21.100,,,48.00,4.00,20.900,21.300,,,72.00,4.00,20.900,21.100,,,,,,,,,,,,,,,,,,,,,,,,,,,,,,,,,,,,,,,,,,,,,,,,,,,,,,,,,,,,,,,,,,,,,,,,,,
227150,227150,0.500000,Transmission,MiniPAT,00:00:00 17-May-2023,,4.00,1,,,, ,4,,40.00,4.00,21.100,21.300,,,48.00,4.00,20.900,21.300,,,64.00,4.00,20.700,21.300,,,80.00,4.00,20.700,20.900,,,,,,,,,,,,,,,,,,,,,,,,,,,,,,,,,,,,,,,,,,,,,,,,,,,,,,,,,,,,,,,,,,,,
227150,227150,0.500000,Transmission,MiniPAT,00:00:00 18-May-2023,,4.00,4,,,, ,3,,40.00,4.00,20.300,21.300,,,48.00,4.00,20.300,21.300,,,72.00,4.00,20.300,20.500,,,,,,,,,,,,,,,,,,,,,,,,,,,,,,,,,,,,,,,,,,,,,,,,,,,,,,,,,,,,,,,,,,,,,,,,,,
227150,227150,0.500000,Transmission,MiniPAT,00:00:00 19-May-2023,,4.00,1,,,, ,4,,16.00,4.00,20.100,20.300,,,32.00,4.00,19.900,20.300,,,40.00,4.00,19.900,20.700,,,56.00,4.00,19.900,20.900,,,,,,,,,,,,,,,,,,,,,,,,,,,,,,,,,,,,,,,,,,,,,,,,,,,,,,,,,,,,,,,,,,,,
227150,227150,0.500000,Transmission,MiniPAT,00:00:00 20-May-2023,,4.00,2,,,, ,3,,32.00,4.00,20.500,20.900,,,40.00,4.00,19.900,20.900,,,56.00,4.00,19.900,20.700,,,,,,,,,,,,,,,,,,,,,,,,,,,,,,,,,,,,,,,,,,,,,,,,,,,,,,,,,,,,,,,,,,,,,,,,,,
227150,227150,0.500000,Transmission,MiniPAT,00:00:00 21-May-2023,,4.00,5,,,, ,3,,32.00,4.00,20.700,20.900,,,48.00,4.00,20.700,21.100,,,56.00,4.00,20.500,21.100,,,,,,,,,,,,,,,,,,,,,,,,,,,,,,,,,,,,,,,,,,,,,,,,,,,,,,,,,,,,,,,,,,,,,,,,,,
227150,227150,0.500000,Transmission,MiniPAT,00:00:00 22-May-2023,,4.00,5,,,, ,3,,32.00,4.00,20.300,20.900,,,48.00,4.00,20.100,20.900,,,56.00,4.00,20.100,20.900,,,,,,,,,,,,,,,,,,,,,,,,,,,,,,,,,,,,,,,,,,,,,,,,,,,,,,,,,,,,,,,,,,,,,,,,,,
227150,227150,0.500000,Transmission,MiniPAT,00:00:00 23-May-2023,,4.00,2,,,, ,2,,40.00,4.00,19.900,20.500,,,56.00,4.00,19.900,20.300,,,,,,,,,,,,,,,,,,,,,,,,,,,,,,,,,,,,,,,,,,,,,,,,,,,,,,,,,,,,,,,,,,,,,,,,,,,,,,,,
227150,227150,0.500000,Transmission,MiniPAT,00:00:00 24-May-2023,,4.00,1,,,, ,2,,40.00,4.00,19.900,20.100,,,56.00,4.00,19.900,20.100,,,,,,,,,,,,,,,,,,,,,,,,,,,,,,,,,,,,,,,,,,,,,,,,,,,,,,,,,,,,,,,,,,,,,,,,,,,,,,,,
227150,227150,0.500000,Transmission,MiniPAT,00:00:00 25-May-2023,,4.00,4,,,, ,2,,40.00,4.00,19.700,20.100,,,56.00,4.00,19.700,20.100,,,,,,,,,,,,,,,,,,,,,,,,,,,,,,,,,,,,,,,,,,,,,,,,,,,,,,,,,,,,,,,,,,,,,,,,,,,,,,,,
227150,227150,0.500000,Transmission,MiniPAT,00:00:00 26-May-2023,,4.00,2,,,, ,3,,32.00,4.00,19.900,20.100,,,48.00,4.00,19.700,20.100,,,56.00,4.00,19.700,20.100,,,,,,,,,,,,,,,,,,,,,,,,,,,,,,,,,,,,,,,,,,,,,,,,,,,,,,,,,,,,,,,,,,,,,,,,,,
227150,227150,0.500000,Transmission,MiniPAT,00:00:00 27-May-2023,,4.00,4,,,, ,3,,24.00,4.00,19.900,20.100,,,40.00,4.00,19.900,20.300,,,56.00,4.00,19.700,20.300,,,,,,,,,,,,,,,,,,,,,,,,,,,,,,,,,,,,,,,,,,,,,,,,,,,,,,,,,,,,,,,,,,,,,,,,,,
227150,227150,0.500000,Transmission,MiniPAT,00:00:00 28-May-2023,,4.00,3,,,, ,2,,40.00,4.00,19.500,19.700,,,56.00,4.00,19.500,19.900,,,,,,,,,,,,,,,,,,,,,,,,,,,,,,,,,,,,,,,,,,,,,,,,,,,,,,,,,,,,,,,,,,,,,,,,,,,,,,,,
227150,227150,0.500000,Transmission,MiniPAT,00:00:00 29-May-2023,,4.00,5,,,, ,2,,40.00,4.00,19.500,19.700,,,56.00,4.00,19.500,19.900,,,,,,,,,,,,,,,,,,,,,,,,,,,,,,,,,,,,,,,,,,,,,,,,,,,,,,,,,,,,,,,,,,,,,,,,,,,,,,,,
227150,227150,0.500000,Transmission,MiniPAT,00:00:00 30-May-2023,,4.00,5,,,, ,2,,40.00,4.00,19.500,19.700,,,56.00,4.00,19.500,19.900,,,,,,,,,,,,,,,,,,,,,,,,,,,,,,,,,,,,,,,,,,,,,,,,,,,,,,,,,,,,,,,,,,,,,,,,,,,,,,,,
227150,227150,0.500000,Transmission,MiniPAT,00:00:00 31-May-2023,,4.00,5,,,, ,2,,40.00,4.00,19.700,19.900,,,56.00,4.00,19.500,19.900,,,,,,,,,,,,,,,,,,,,,,,,,,,,,,,,,,,,,,,,,,,,,,,,,,,,,,,,,,,,,,,,,,,,,,,,,,,,,,,,
227150,227150,0.500000,Transmission,MiniPAT,00:00:00 01-Jun-2023,,4.00,1,,,, ,4,,24.00,4.00,19.500,19.700,,,40.00,4.00,19.300,19.700,,,48.00,4.00,19.300,19.700,,,64.00,4.00,18.900,19.700,,,,,,,,,,,,,,,,,,,,,,,,,,,,,,,,,,,,,,,,,,,,,,,,,,,,,,,,,,,,,,,,,,,,
227150,227150,0.500000,Transmission,MiniPAT,00:00:00 02-Jun-2023,,4.00,1,,,, ,4,,24.00,4.00,19.500,19.700,,,32.00,4.00,19.300,19.700,,,48.00,4.00,19.300,19.700,,,64.00,4.00,19.300,19.700,,,,,,,,,,,,,,,,,,,,,,,,,,,,,,,,,,,,,,,,,,,,,,,,,,,,,,,,,,,,,,,,,,,,
227150,227150,0.500000,Transmission,MiniPAT,00:00:00 03-Jun-2023,,4.00,5,,,, ,4,,8.00,4.00,19.500,19.700,,,24.00,4.00,19.500,19.700,,,40.00,4.00,19.300,19.900,,,56.00,4.00,19.300,19.900,,,,,,,,,,,,,,,,,,,,,,,,,,,,,,,,,,,,,,,,,,,,,,,,,,,,,,,,,,,,,,,,,,,,
227150,227150,0.500000,Transmission,MiniPAT,00:00:00 04-Jun-2023,,4.00,2,,,, ,2,,40.00,4.00,19.300,19.700,,,56.00,4.00,19.300,19.700,,,,,,,,,,,,,,,,,,,,,,,,,,,,,,,,,,,,,,,,,,,,,,,,,,,,,,,,,,,,,,,,,,,,,,,,,,,,,,,,
227150,227150,0.500000,Transmission,MiniPAT,00:00:00 05-Jun-2023,,4.00,1,,,, ,2,,40.00,4.00,19.300,19.700,,,56.00,4.00,19.300,19.700,,,,,,,,,,,,,,,,,,,,,,,,,,,,,,,,,,,,,,,,,,,,,,,,,,,,,,,,,,,,,,,,,,,,,,,,,,,,,,,,
227150,227150,0.500000,Transmission,MiniPAT,00:00:00 06-Jun-2023,,4.00,2,,,, ,3,,24.00,4.00,19.300,19.500,,,40.00,4.00,19.300,19.500,,,56.00,4.00,19.100,19.500,,,,,,,,,,,,,,,,,,,,,,,,,,,,,,,,,,,,,,,,,,,,,,,,,,,,,,,,,,,,,,,,,,,,,,,,,,
227150,227150,0.500000,Transmission,MiniPAT,00:00:00 07-Jun-2023,,4.00,2,,,, ,3,,40.00,4.00,19.300,19.500,,,48.00,4.00,19.300,19.500,,,72.00,4.00,19.300,19.500,,,,,,,,,,,,,,,,,,,,,,,,,,,,,,,,,,,,,,,,,,,,,,,,,,,,,,,,,,,,,,,,,,,,,,,,,,
227150,227150,0.500000,Transmission,MiniPAT,00:00:00 08-Jun-2023,,4.00,4,,,, ,3,,48.00,4.00,19.100,19.500,,,56.00,4.00,18.900,19.500,,,72.00,4.00,19.100,19.500,,,,,,,,,,,,,,,,,,,,,,,,,,,,,,,,,,,,,,,,,,,,,,,,,,,,,,,,,,,,,,,,,,,,,,,,,,
227150,227150,0.500000,Transmission,MiniPAT,00:00:00 10-Jun-2023,,5.00,1,,,, ,4,,24.00,4.00,19.300,19.500,,,40.00,4.00,19.100,19.500,,,48.00,4.00,19.100,19.500,,,72.00,4.00,19.100,19.500,,,,,,,,,,,,,,,,,,,,,,,,,,,,,,,,,,,,,,,,,,,,,,,,,,,,,,,,,,,,,,,,,,,,
227150,227150,0.500000,Transmission,MiniPAT,00:00:00 12-Jun-2023,,5.00,3,,,, ,4,,24.00,4.00,19.100,19.500,,,40.00,4.00,19.100,19.500,,,48.00,4.00,18.900,19.500,,,72.00,4.00,19.300,19.500,,,,,,,,,,,,,,,,,,,,,,,,,,,,,,,,,,,,,,,,,,,,,,,,,,,,,,,,,,,,,,,,,,,,
227150,227150,0.500000,Transmission,MiniPAT,00:00:00 13-Jun-2023,,5.00,2,,,, ,4,,24.00,4.00,19.100,19.300,,,40.00,4.00,19.100,19.500,,,48.00,4.00,19.100,19.500,,,72.00,4.00,19.100,19.300,,,,,,,,,,,,,,,,,,,,,,,,,,,,,,,,,,,,,,,,,,,,,,,,,,,,,,,,,,,,,,,,,,,,
227150,227150,0.500000,Transmission,MiniPAT,00:00:00 14-Jun-2023,,5.00,5,,,, ,5,,16.00,4.00,19.100,19.300,,,32.00,4.00,19.100,19.300,,,40.00,4.00,19.100,19.300,,,56.00,4.00,18.900,19.300,,,72.00,4.00,18.900,19.100,,,,,,,,,,,,,,,,,,,,,,,,,,,,,,,,,,,,,,,,,,,,,,,,,,,,,,,,,,,,,,
227150,227150,0.500000,Transmission,MiniPAT,00:00:00 15-Jun-2023,,5.00,3,,,, ,4,,24.00,4.00,19.100,19.300,,,40.00,4.00,19.100,19.300,,,48.00,4.00,19.100,19.300,,,72.00,4.00,19.100,19.300,,,,,,,,,,,,,,,,,,,,,,,,,,,,,,,,,,,,,,,,,,,,,,,,,,,,,,,,,,,,,,,,,,,,
227150,227150,0.500000,Transmission,MiniPAT,00:00:00 16-Jun-2023,,5.00,2,,,, ,4,,32.00,4.00,19.100,19.300,,,40.00,4.00,19.100,19.300,,,56.00,4.00,18.700,19.300,,,72.00,4.00,19.100,19.300,,,,,,,,,,,,,,,,,,,,,,,,,,,,,,,,,,,,,,,,,,,,,,,,,,,,,,,,,,,,,,,,,,,,
227150,227150,0.500000,Transmission,MiniPAT,00:00:00 17-Jun-2023,,5.00,1,,,, ,4,,32.00,4.00,19.300,19.700,,,48.00,4.00,19.100,19.700,,,56.00,4.00,19.100,19.700,,,72.00,4.00,19.300,19.500,,,,,,,,,,,,,,,,,,,,,,,,,,,,,,,,,,,,,,,,,,,,,,,,,,,,,,,,,,,,,,,,,,,,
227150,227150,0.500000,Transmission,MiniPAT,00:00:00 18-Jun-2023,,5.00,1,,,, ,4,,24.00,4.00,19.100,19.500,,,40.00,4.00,18.900,19.700,,,48.00,4.00,18.900,19.500,,,64.00,4.00,18.900,19.300,,,,,,,,,,,,,,,,,,,,,,,,,,,,,,,,,,,,,,,,,,,,,,,,,,,,,,,,,,,,,,,,,,,,
227150,227150,0.500000,Transmission,MiniPAT,00:00:00 19-Jun-2023,,5.00,1,,,, ,4,,32.00,4.00,19.300,19.500,,,40.00,4.00,19.100,19.500,,,56.00,4.00,18.900,19.500,,,80.00,4.00,19.100,19.300,,,,,,,,,,,,,,,,,,,,,,,,,,,,,,,,,,,,,,,,,,,,,,,,,,,,,,,,,,,,,,,,,,,,
227150,227150,0.500000,Transmission,MiniPAT,00:00:00 20-Jun-2023,,5.00,4,,,, ,4,,32.00,4.00,19.100,19.500,,,48.00,4.00,19.100,19.500,,,56.00,4.00,18.900,19.500,,,72.00,4.00,18.900,19.500,,,,,,,,,,,,,,,,,,,,,,,,,,,,,,,,,,,,,,,,,,,,,,,,,,,,,,,,,,,,,,,,,,,,
227150,227150,0.500000,Transmission,MiniPAT,00:00:00 21-Jun-2023,,5.00,3,,,, ,3,,32.00,4.00,19.100,19.300,,,48.00,4.00,18.900,19.300,,,64.00,4.00,19.100,19.300,,,,,,,,,,,,,,,,,,,,,,,,,,,,,,,,,,,,,,,,,,,,,,,,,,,,,,,,,,,,,,,,,,,,,,,,,,
227150,227150,0.500000,Transmission,MiniPAT,00:00:00 22-Jun-2023,,5.00,1,,,, ,4,,40.00,4.00,18.900,19.300,,,48.00,4.00,18.900,19.300,,,64.00,4.00,18.900,19.300,,,80.00,4.00,19.100,19.300,,,,,,,,,,,,,,,,,,,,,,,,,,,,,,,,,,,,,,,,,,,,,,,,,,,,,,,,,,,,,,,,,,,,
227150,227150,0.500000,Transmission,MiniPAT,00:00:00 23-Jun-2023,,5.00,3,,,, ,3,,32.00,4.00,19.100,19.300,,,48.00,4.00,18.900,19.300,,,64.00,4.00,18.900,19.100,,,,,,,,,,,,,,,,,,,,,,,,,,,,,,,,,,,,,,,,,,,,,,,,,,,,,,,,,,,,,,,,,,,,,,,,,,
227150,227150,0.500000,Transmission,MiniPAT,00:00:00 24-Jun-2023,,5.00,2,,,, ,5,,24.00,4.00,19.100,19.300,,,40.00,4.00,19.100,19.500,,,48.00,4.00,18.900,19.700,,,64.00,4.00,18.900,19.500,,,80.00,4.00,19.300,19.500,,,,,,,,,,,,,,,,,,,,,,,,,,,,,,,,,,,,,,,,,,,,,,,,,,,,,,,,,,,,,,
227150,227150,0.500000,Transmission,MiniPAT,00:00:00 25-Jun-2023,,5.00,1,,,, ,5,,16.00,4.00,19.700,19.900,,,32.00,4.00,19.500,19.900,,,40.00,4.00,19.100,19.900,,,56.00,4.00,19.100,19.900,,,80.00,4.00,19.300,19.700,,,,,,,,,,,,,,,,,,,,,,,,,,,,,,,,,,,,,,,,,,,,,,,,,,,,,,,,,,,,,,
227150,227150,0.500000,Transmission,MiniPAT,00:00:00 26-Jun-2023,,5.00,4,,,, ,3,,32.00,4.00,19.500,19.700,,,48.00,4.00,19.300,19.900,,,56.00,4.00,19.300,19.900,,,,,,,,,,,,,,,,,,,,,,,,,,,,,,,,,,,,,,,,,,,,,,,,,,,,,,,,,,,,,,,,,,,,,,,,,,
227150,227150,0.500000,Transmission,MiniPAT,00:00:00 27-Jun-2023,,5.00,1,,,, ,2,,40.00,4.00,19.100,19.700,,,56.00,4.00,19.300,19.500,,,,,,,,,,,,,,,,,,,,,,,,,,,,,,,,,,,,,,,,,,,,,,,,,,,,,,,,,,,,,,,,,,,,,,,,,,,,,,,,
227150,227150,0.500000,Transmission,MiniPAT,00:00:00 28-Jun-2023,,5.00,2,,,, ,2,,40.00,4.00,18.900,19.500,,,56.00,4.00,18.900,19.500,,,,,,,,,,,,,,,,,,,,,,,,,,,,,,,,,,,,,,,,,,,,,,,,,,,,,,,,,,,,,,,,,,,,,,,,,,,,,,,,
227150,227150,0.500000,Transmission,MiniPAT,00:00:00 29-Jun-2023,,5.00,2,,,, ,3,,32.00,4.00,18.700,18.900,,,40.00,4.00,18.700,19.100,,,56.00,4.00,18.700,19.100,,,,,,,,,,,,,,,,,,,,,,,,,,,,,,,,,,,,,,,,,,,,,,,,,,,,,,,,,,,,,,,,,,,,,,,,,,
227150,227150,0.500000,Transmission,MiniPAT,00:00:00 30-Jun-2023,,5.00,2,,,, ,6,,0.00,4.00,18.700,18.900,,,8.00,4.00,18.700,18.900,,,32.00,4.00,18.700,18.900,,,48.00,4.00,18.500,19.100,,,56.00,4.00,18.500,19.100,,,80.00,4.00,18.700,18.900,,,,,,,,,,,,,,,,,,,,,,,,,,,,,,,,,,,,,,,,,,,,,,,,,,,,,,,,
227150,227150,0.500000,Transmission,MiniPAT,00:00:00 01-Jul-2023,,5.00,2,,,, ,4,,16.00,4.00,18.700,18.900,,,24.00,4.00,18.700,18.900,,,40.00,4.00,18.500,18.900,,,56.00,4.00,18.500,18.900,,,,,,,,,,,,,,,,,,,,,,,,,,,,,,,,,,,,,,,,,,,,,,,,,,,,,,,,,,,,,,,,,,,,
227150,227150,0.500000,Transmission,MiniPAT,00:00:00 02-Jul-2023,,5.00,2,,,, ,4,,16.00,4.00,18.500,18.700,,,24.00,4.00,18.500,18.900,,,40.00,4.00,18.500,18.900,,,56.00,4.00,18.700,18.900,,,,,,,,,,,,,,,,,,,,,,,,,,,,,,,,,,,,,,,,,,,,,,,,,,,,,,,,,,,,,,,,,,,,
227150,227150,0.500000,Transmission,MiniPAT,00:00:00 03-Jul-2023,,5.00,3,,,, ,4,,8.00,4.00,18.700,18.900,,,24.00,4.00,18.700,18.900,,,32.00,4.00,18.700,18.900,,,48.00,4.00,18.700,18.900,,,,,,,,,,,,,,,,,,,,,,,,,,,,,,,,,,,,,,,,,,,,,,,,,,,,,,,,,,,,,,,,,,,,
227150,227150,0.500000,Transmission,MiniPAT,00:00:00 04-Jul-2023,,5.00,4,,,, ,3,,32.00,4.00,18.700,18.900,,,40.00,4.00,18.500,18.900,,,56.00,4.00,18.500,18.900,,,,,,,,,,,,,,,,,,,,,,,,,,,,,,,,,,,,,,,,,,,,,,,,,,,,,,,,,,,,,,,,,,,,,,,,,,
227150,227150,0.500000,Transmission,MiniPAT,00:00:00 05-Jul-2023,,5.00,3,,,, ,3,,32.00,4.00,18.700,18.900,,,40.00,4.00,18.500,18.900,,,56.00,4.00,18.500,18.900,,,,,,,,,,,,,,,,,,,,,,,,,,,,,,,,,,,,,,,,,,,,,,,,,,,,,,,,,,,,,,,,,,,,,,,,,,
227150,227150,0.500000,Transmission,MiniPAT,00:00:00 06-Jul-2023,,5.00,3,,,, ,4,,24.00,4.00,18.500,18.700,,,40.00,4.00,18.500,18.900,,,48.00,4.00,18.500,18.900,,,72.00,4.00,18.500,18.700,,,,,,,,,,,,,,,,,,,,,,,,,,,,,,,,,,,,,,,,,,,,,,,,,,,,,,,,,,,,,,,,,,,,
227150,227150,0.500000,Transmission,MiniPAT,00:00:00 07-Jul-2023,,5.00,3,,,, ,4,,32.00,4.00,18.500,18.700,,,48.00,4.00,18.500,18.900,,,56.00,4.00,18.500,18.900,,,72.00,4.00,18.500,18.700,,,,,,,,,,,,,,,,,,,,,,,,,,,,,,,,,,,,,,,,,,,,,,,,,,,,,,,,,,,,,,,,,,,,
227150,227150,0.500000,Transmission,MiniPAT,00:00:00 08-Jul-2023,,5.00,2,,,, ,3,,40.00,4.00,18.500,18.700,,,48.00,4.00,18.500,18.700,,,64.00,4.00,18.500,18.700,,,,,,,,,,,,,,,,,,,,,,,,,,,,,,,,,,,,,,,,,,,,,,,,,,,,,,,,,,,,,,,,,,,,,,,,,,
227150,227150,0.500000,Transmission,MiniPAT,00:00:00 09-Jul-2023,,5.00,1,,,, ,4,,32.00,4.00,18.300,18.700,,,48.00,4.00,18.300,18.700,,,56.00,4.00,18.300,18.700,,,72.00,4.00,18.300,18.700,,,,,,,,,,,,,,,,,,,,,,,,,,,,,,,,,,,,,,,,,,,,,,,,,,,,,,,,,,,,,,,,,,,,
227150,227150,0.500000,Transmission,MiniPAT,00:00:00 10-Jul-2023,,5.00,2,,,, ,3,,40.00,4.00,18.500,18.700,,,48.00,4.00,18.300,18.700,,,64.00,4.00,18.500,18.700,,,,,,,,,,,,,,,,,,,,,,,,,,,,,,,,,,,,,,,,,,,,,,,,,,,,,,,,,,,,,,,,,,,,,,,,,,
227150,227150,0.500000,Transmission,MiniPAT,00:00:00 11-Jul-2023,,5.00,1,,,, ,3,,40.00,4.00,18.500,18.700,,,48.00,4.00,18.300,18.700,,,64.00,4.00,18.300,18.700,,,,,,,,,,,,,,,,,,,,,,,,,,,,,,,,,,,,,,,,,,,,,,,,,,,,,,,,,,,,,,,,,,,,,,,,,,
227150,227150,0.500000,Transmission,MiniPAT,00:00:00 12-Jul-2023,,5.00,2,,,, ,3,,40.00,4.00,18.300,18.700,,,48.00,4.00,18.300,18.700,,,72.00,4.00,18.300,18.500,,,,,,,,,,,,,,,,,,,,,,,,,,,,,,,,,,,,,,,,,,,,,,,,,,,,,,,,,,,,,,,,,,,,,,,,,,
227150,227150,0.500000,Transmission,MiniPAT,00:00:00 13-Jul-2023,,5.00,1,,,, ,3,,32.00,4.00,18.300,18.700,,,48.00,4.00,18.100,18.700,,,64.00,4.00,18.300,18.500,,,,,,,,,,,,,,,,,,,,,,,,,,,,,,,,,,,,,,,,,,,,,,,,,,,,,,,,,,,,,,,,,,,,,,,,,,
227150,227150,0.500000,Transmission,MiniPAT,00:00:00 14-Jul-2023,,5.00,4,,,, ,3,,40.00,4.00,18.300,18.500,,,48.00,4.00,18.300,18.500,,,72.00,4.00,18.300,18.500,,,,,,,,,,,,,,,,,,,,,,,,,,,,,,,,,,,,,,,,,,,,,,,,,,,,,,,,,,,,,,,,,,,,,,,,,,
227150,227150,0.500000,Transmission,MiniPAT,00:00:00 15-Jul-2023,,5.00,1,,,, ,4,,32.00,4.00,18.500,18.700,,,48.00,4.00,18.300,18.700,,,56.00,4.00,18.300,18.700,,,80.00,4.00,18.300,18.700,,,,,,,,,,,,,,,,,,,,,,,,,,,,,,,,,,,,,,,,,,,,,,,,,,,,,,,,,,,,,,,,,,,,
227150,227150,0.500000,Transmission,MiniPAT,00:00:00 16-Jul-2023,,5.00,2,,,, ,3,,48.00,4.00,18.300,18.700,,,56.00,4.00,18.300,18.700,,,72.00,4.00,18.300,18.500,,,,,,,,,,,,,,,,,,,,,,,,,,,,,,,,,,,,,,,,,,,,,,,,,,,,,,,,,,,,,,,,,,,,,,,,,,
227150,227150,0.500000,Transmission,MiniPAT,00:00:00 17-Jul-2023,,5.00,3,,,, ,4,,32.00,4.00,18.300,18.500,,,48.00,4.00,18.300,18.700,,,56.00,4.00,18.300,18.700,,,80.00,4.00,18.500,18.700,,,,,,,,,,,,,,,,,,,,,,,,,,,,,,,,,,,,,,,,,,,,,,,,,,,,,,,,,,,,,,,,,,,,
227150,227150,0.500000,Transmission,MiniPAT,00:00:00 18-Jul-2023,,5.00,3,,,, ,2,,48.00,4.00,18.100,18.700,,,64.00,4.00,18.100,18.500,,,,,,,,,,,,,,,,,,,,,,,,,,,,,,,,,,,,,,,,,,,,,,,,,,,,,,,,,,,,,,,,,,,,,,,,,,,,,,,,
227150,227150,0.500000,Transmission,MiniPAT,00:00:00 19-Jul-2023,,5.00,4,,,, ,3,,40.00,4.00,18.300,18.500,,,48.00,4.00,18.300,18.500,,,64.00,4.00,18.300,18.500,,,,,,,,,,,,,,,,,,,,,,,,,,,,,,,,,,,,,,,,,,,,,,,,,,,,,,,,,,,,,,,,,,,,,,,,,,
227150,227150,0.500000,Transmission,MiniPAT,00:00:00 20-Jul-2023,,5.00,2,,,, ,3,,40.00,4.00,18.300,18.500,,,48.00,4.00,18.300,18.500,,,64.00,4.00,18.300,18.500,,,,,,,,,,,,,,,,,,,,,,,,,,,,,,,,,,,,,,,,,,,,,,,,,,,,,,,,,,,,,,,,,,,,,,,,,,
227150,227150,0.500000,Transmission,MiniPAT,00:00:00 21-Jul-2023,,6.00,1,,,, ,6,,0.00,4.00,18.300,18.500,,,16.00,4.00,18.100,18.500,,,24.00,4.00,18.100,18.500,,,40.00,4.00,18.100,18.500,,,56.00,4.00,18.100,18.500,,,72.00,4.00,18.100,18.500,,,,,,,,,,,,,,,,,,,,,,,,,,,,,,,,,,,,,,,,,,,,,,,,,,,,,,,,
227150,227150,0.500000,Transmission,MiniPAT,00:00:00 22-Jul-2023,,6.00,1,,,, ,4,,16.00,4.00,18.100,18.300,,,24.00,4.00,18.100,18.500,,,40.00,4.00,18.100,18.300,,,64.00,4.00,18.100,18.300,,,,,,,,,,,,,,,,,,,,,,,,,,,,,,,,,,,,,,,,,,,,,,,,,,,,,,,,,,,,,,,,,,,,
227150,227150,0.500000,Transmission,MiniPAT,00:00:00 23-Jul-2023,,6.00,1,,,, ,4,,24.00,4.00,18.100,18.300,,,32.00,4.00,18.100,18.300,,,48.00,4.00,18.100,18.300,,,72.00,4.00,18.100,18.300,,,,,,,,,,,,,,,,,,,,,,,,,,,,,,,,,,,,,,,,,,,,,,,,,,,,,,,,,,,,,,,,,,,,
227150,227150,0.500000,Transmission,MiniPAT,00:00:00 24-Jul-2023,,6.00,3,,,, ,6,,0.00,4.00,18.100,18.300,,,16.00,4.00,18.100,18.300,,,24.00,4.00,18.100,18.300,,,40.00,4.00,18.100,18.300,,,56.00,4.00,18.100,18.300,,,72.00,4.00,18.100,18.300,,,,,,,,,,,,,,,,,,,,,,,,,,,,,,,,,,,,,,,,,,,,,,,,,,,,,,,,
227150,227150,0.500000,Transmission,MiniPAT,00:00:00 25-Jul-2023,,6.00,2,,,, ,5,,16.00,4.00,18.100,18.300,,,24.00,4.00,18.100,18.300,,,40.00,4.00,18.100,18.300,,,56.00,4.00,17.900,18.300,,,72.00,4.00,18.100,18.300,,,,,,,,,,,,,,,,,,,,,,,,,,,,,,,,,,,,,,,,,,,,,,,,,,,,,,,,,,,,,,
227150,227150,0.500000,Transmission,MiniPAT,00:00:00 26-Jul-2023,,6.00,3,,,, ,4,,24.00,4.00,18.100,18.300,,,32.00,4.00,18.100,18.300,,,48.00,4.00,18.100,18.300,,,72.00,4.00,17.900,18.300,,,,,,,,,,,,,,,,,,,,,,,,,,,,,,,,,,,,,,,,,,,,,,,,,,,,,,,,,,,,,,,,,,,,
227150,227150,0.500000,Transmission,MiniPAT,00:00:00 27-Jul-2023,,6.00,4,,,, ,3,,40.00,4.00,18.100,18.300,,,48.00,4.00,17.900,18.300,,,64.00,4.00,18.100,18.300,,,,,,,,,,,,,,,,,,,,,,,,,,,,,,,,,,,,,,,,,,,,,,,,,,,,,,,,,,,,,,,,,,,,,,,,,,
227150,227150,0.500000,Transmission,MiniPAT,00:00:00 28-Jul-2023,,6.00,2,,,, ,3,,40.00,4.00,17.900,18.300,,,48.00,4.00,17.900,18.300,,,72.00,4.00,18.100,18.300,,,,,,,,,,,,,,,,,,,,,,,,,,,,,,,,,,,,,,,,,,,,,,,,,,,,,,,,,,,,,,,,,,,,,,,,,,
227150,227150,0.500000,Transmission,MiniPAT,00:00:00 29-Jul-2023,,6.00,2,,,, ,3,,32.00,4.00,18.100,18.300,,,48.00,4.00,17.900,18.300,,,64.00,4.00,17.900,18.100,,,,,,,,,,,,,,,,,,,,,,,,,,,,,,,,,,,,,,,,,,,,,,,,,,,,,,,,,,,,,,,,,,,,,,,,,,
227150,227150,0.500000,Transmission,MiniPAT,00:00:00 30-Jul-2023,,6.00,2,,,, ,4,,16.00,4.00,18.100,18.300,,,24.00,4.00,18.100,18.300,,,48.00,4.00,18.100,18.300,,,64.00,4.00,18.100,18.300,,,,,,,,,,,,,,,,,,,,,,,,,,,,,,,,,,,,,,,,,,,,,,,,,,,,,,,,,,,,,,,,,,,,
227150,227150,0.500000,Transmission,MiniPAT,00:00:00 31-Jul-2023,,6.00,2,,,, ,3,,32.00,4.00,18.300,18.500,,,48.00,4.00,18.100,18.700,,,64.00,4.00,18.100,18.500,,,,,,,,,,,,,,,,,,,,,,,,,,,,,,,,,,,,,,,,,,,,,,,,,,,,,,,,,,,,,,,,,,,,,,,,,,
227150,227150,0.500000,Transmission,MiniPAT,00:00:00 01-Aug-2023,,6.00,2,,,, ,3,,40.00,4.00,18.100,18.900,,,48.00,4.00,18.100,18.900,,,72.00,4.00,18.100,18.500,,,,,,,,,,,,,,,,,,,,,,,,,,,,,,,,,,,,,,,,,,,,,,,,,,,,,,,,,,,,,,,,,,,,,,,,,,
227150,227150,0.500000,Transmission,MiniPAT,00:00:00 02-Aug-2023,,6.00,2,,,, ,2,,40.00,4.00,18.500,18.700,,,56.00,4.00,18.100,18.900,,,,,,,,,,,,,,,,,,,,,,,,,,,,,,,,,,,,,,,,,,,,,,,,,,,,,,,,,,,,,,,,,,,,,,,,,,,,,,,,
227150,227150,0.500000,Transmission,MiniPAT,00:00:00 03-Aug-2023,,6.00,1,,,, ,4,,32.00,4.00,18.700,18.900,,,48.00,4.00,18.300,18.900,,,56.00,4.00,18.300,18.900,,,72.00,4.00,18.500,18.900,,,,,,,,,,,,,,,,,,,,,,,,,,,,,,,,,,,,,,,,,,,,,,,,,,,,,,,,,,,,,,,,,,,,
227150,227150,0.500000,Transmission,MiniPAT,00:00:00 04-Aug-2023,,6.00,1,,,, ,3,,32.00,4.00,18.500,18.700,,,40.00,4.00,18.300,18.700,,,64.00,4.00,18.100,18.700,,,,,,,,,,,,,,,,,,,,,,,,,,,,,,,,,,,,,,,,,,,,,,,,,,,,,,,,,,,,,,,,,,,,,,,,,,
227150,227150,0.500000,Transmission,MiniPAT,00:00:00 05-Aug-2023,,6.00,2,,,, ,2,,40.00,4.00,18.300,18.700,,,56.00,4.00,18.300,18.700,,,,,,,,,,,,,,,,,,,,,,,,,,,,,,,,,,,,,,,,,,,,,,,,,,,,,,,,,,,,,,,,,,,,,,,,,,,,,,,,
227150,227150,0.500000,Transmission,MiniPAT,00:00:00 06-Aug-2023,,6.00,3,,,, ,4,,32.00,4.00,18.500,18.700,,,40.00,4.00,18.300,18.700,,,56.00,4.00,17.700,18.700,,,80.00,4.00,17.700,17.900,,,,,,,,,,,,,,,,,,,,,,,,,,,,,,,,,,,,,,,,,,,,,,,,,,,,,,,,,,,,,,,,,,,,
227150,227150,0.500000,Transmission,MiniPAT,00:00:00 07-Aug-2023,,6.00,2,,,, ,4,,32.00,4.00,18.500,18.700,,,40.00,4.00,18.100,18.700,,,56.00,4.00,17.700,18.700,,,72.00,4.00,18.100,18.300,,,,,,,,,,,,,,,,,,,,,,,,,,,,,,,,,,,,,,,,,,,,,,,,,,,,,,,,,,,,,,,,,,,,
227150,227150,0.500000,Transmission,MiniPAT,00:00:00 08-Aug-2023,,6.00,4,,,, ,3,,40.00,4.00,18.300,18.700,,,48.00,4.00,18.100,18.700,,,64.00,4.00,18.300,18.700,,,,,,,,,,,,,,,,,,,,,,,,,,,,,,,,,,,,,,,,,,,,,,,,,,,,,,,,,,,,,,,,,,,,,,,,,,
227150,227150,0.500000,Transmission,MiniPAT,00:00:00 09-Aug-2023,,6.00,3,,,, ,4,,24.00,4.00,18.300,18.500,,,40.00,4.00,18.300,18.700,,,48.00,4.00,18.300,18.700,,,72.00,4.00,18.300,18.700,,,,,,,,,,,,,,,,,,,,,,,,,,,,,,,,,,,,,,,,,,,,,,,,,,,,,,,,,,,,,,,,,,,,
227150,227150,0.500000,Transmission,MiniPAT,00:00:00 10-Aug-2023,,6.00,1,,,, ,3,,40.00,4.00,18.300,18.900,,,48.00,4.00,18.300,18.900,,,72.00,4.00,18.300,18.700,,,,,,,,,,,,,,,,,,,,,,,,,,,,,,,,,,,,,,,,,,,,,,,,,,,,,,,,,,,,,,,,,,,,,,,,,,
227150,227150,0.500000,Transmission,MiniPAT,00:00:00 11-Aug-2023,,6.00,3,,,, ,4,,24.00,4.00,18.700,19.100,,,40.00,4.00,18.500,19.100,,,48.00,4.00,18.500,19.100,,,72.00,4.00,18.500,18.900,,,,,,,,,,,,,,,,,,,,,,,,,,,,,,,,,,,,,,,,,,,,,,,,,,,,,,,,,,,,,,,,,,,,
227150,227150,0.500000,Transmission,MiniPAT,00:00:00 12-Aug-2023,,6.00,3,,,, ,5,,16.00,4.00,18.300,18.700,,,32.00,4.00,18.100,18.900,,,40.00,4.00,18.100,18.900,,,56.00,4.00,18.100,18.700,,,72.00,4.00,18.100,18.500,,,,,,,,,,,,,,,,,,,,,,,,,,,,,,,,,,,,,,,,,,,,,,,,,,,,,,,,,,,,,,
227150,227150,0.500000,Transmission,MiniPAT,00:00:00 13-Aug-2023,,6.00,2,,,, ,4,,24.00,4.00,18.900,19.300,,,40.00,4.00,18.500,19.100,,,48.00,4.00,18.500,19.100,,,64.00,4.00,18.700,18.900,,,,,,,,,,,,,,,,,,,,,,,,,,,,,,,,,,,,,,,,,,,,,,,,,,,,,,,,,,,,,,,,,,,,
227150,227150,0.500000,Transmission,MiniPAT,00:00:00 14-Aug-2023,,6.00,2,,,, ,4,,24.00,4.00,18.700,19.100,,,40.00,4.00,18.500,19.300,,,48.00,4.00,18.500,19.300,,,64.00,4.00,18.300,18.900,,,,,,,,,,,,,,,,,,,,,,,,,,,,,,,,,,,,,,,,,,,,,,,,,,,,,,,,,,,,,,,,,,,,
227150,227150,0.500000,Transmission,MiniPAT,00:00:00 15-Aug-2023,,6.00,3,,,, ,4,,32.00,4.00,18.900,19.100,,,40.00,4.00,18.300,19.100,,,56.00,4.00,18.100,19.100,,,72.00,4.00,18.300,18.700,,,,,,,,,,,,,,,,,,,,,,,,,,,,,,,,,,,,,,,,,,,,,,,,,,,,,,,,,,,,,,,,,,,,
227150,227150,0.500000,Transmission,MiniPAT,00:00:00 16-Aug-2023,,6.00,2,,,, ,3,,40.00,4.00,18.100,18.700,,,48.00,4.00,18.100,18.700,,,72.00,4.00,17.900,18.100,,,,,,,,,,,,,,,,,,,,,,,,,,,,,,,,,,,,,,,,,,,,,,,,,,,,,,,,,,,,,,,,,,,,,,,,,,
227150,227150,0.500000,Transmission,MiniPAT,00:00:00 17-Aug-2023,,6.00,2,,,, ,3,,40.00,4.00,18.100,18.700,,,48.00,4.00,17.900,18.700,,,72.00,4.00,17.900,18.300,,,,,,,,,,,,,,,,,,,,,,,,,,,,,,,,,,,,,,,,,,,,,,,,,,,,,,,,,,,,,,,,,,,,,,,,,,
227150,227150,0.500000,Transmission,MiniPAT,00:00:00 19-Aug-2023,,6.00,2,,,, ,4,,32.00,4.00,18.300,18.500,,,48.00,4.00,18.100,18.700,,,56.00,4.00,18.100,18.700,,,72.00,4.00,18.100,18.500,,,,,,,,,,,,,,,,,,,,,,,,,,,,,,,,,,,,,,,,,,,,,,,,,,,,,,,,,,,,,,,,,,,,
227150,227150,0.500000,Transmission,MiniPAT,00:00:00 20-Aug-2023,,6.00,2,,,, ,4,,40.00,4.00,18.100,18.500,,,48.00,4.00,17.900,18.500,,,64.00,4.00,17.700,18.500,,,80.00,4.00,17.900,18.100,,,,,,,,,,,,,,,,,,,,,,,,,,,,,,,,,,,,,,,,,,,,,,,,,,,,,,,,,,,,,,,,,,,,
227150,227150,0.500000,Transmission,MiniPAT,00:00:00 21-Aug-2023,,6.00,2,,,, ,3,,40.00,4.00,18.100,18.500,,,48.00,4.00,17.700,18.500,,,72.00,4.00,18.300,18.500,,,,,,,,,,,,,,,,,,,,,,,,,,,,,,,,,,,,,,,,,,,,,,,,,,,,,,,,,,,,,,,,,,,,,,,,,,
227150,227150,0.500000,Transmission,MiniPAT,00:00:00 22-Aug-2023,,6.00,4,,,, ,3,,40.00,4.00,17.900,18.300,,,48.00,4.00,17.700,18.500,,,72.00,4.00,17.700,17.900,,,,,,,,,,,,,,,,,,,,,,,,,,,,,,,,,,,,,,,,,,,,,,,,,,,,,,,,,,,,,,,,,,,,,,,,,,
227150,227150,0.500000,Transmission,MiniPAT,00:00:00 23-Aug-2023,,6.00,2,,,, ,3,,40.00,4.00,18.300,18.500,,,48.00,4.00,17.900,18.500,,,64.00,4.00,17.900,18.300,,,,,,,,,,,,,,,,,,,,,,,,,,,,,,,,,,,,,,,,,,,,,,,,,,,,,,,,,,,,,,,,,,,,,,,,,,
227150,227150,0.500000,Transmission,MiniPAT,00:00:00 24-Aug-2023,,6.00,4,,,, ,3,,40.00,4.00,18.300,18.500,,,48.00,4.00,18.100,18.700,,,64.00,4.00,18.100,18.500,,,,,,,,,,,,,,,,,,,,,,,,,,,,,,,,,,,,,,,,,,,,,,,,,,,,,,,,,,,,,,,,,,,,,,,,,,
227150,227150,0.500000,Transmission,MiniPAT,00:00:00 25-Aug-2023,,6.00,3,,,, ,3,,40.00,4.00,18.100,18.500,,,48.00,4.00,17.900,18.500,,,64.00,4.00,17.900,18.300,,,,,,,,,,,,,,,,,,,,,,,,,,,,,,,,,,,,,,,,,,,,,,,,,,,,,,,,,,,,,,,,,,,,,,,,,,
227150,227150,0.500000,Transmission,MiniPAT,00:00:00 26-Aug-2023,,6.00,3,,,, ,3,,40.00,4.00,18.100,18.300,,,48.00,4.00,18.100,18.500,,,72.00,4.00,18.100,18.300,,,,,,,,,,,,,,,,,,,,,,,,,,,,,,,,,,,,,,,,,,,,,,,,,,,,,,,,,,,,,,,,,,,,,,,,,,
227150,227150,0.500000,Transmission,MiniPAT,00:00:00 27-Aug-2023,,6.00,2,,,, ,3,,32.00,4.00,18.300,18.500,,,48.00,4.00,18.100,18.500,,,64.00,4.00,18.100,18.500,,,,,,,,,,,,,,,,,,,,,,,,,,,,,,,,,,,,,,,,,,,,,,,,,,,,,,,,,,,,,,,,,,,,,,,,,,
227150,227150,0.500000,Transmission,MiniPAT,00:00:00 28-Aug-2023,,6.00,1,,,, ,4,,24.00,4.00,18.300,18.500,,,40.00,4.00,18.100,19.300,,,48.00,4.00,18.100,19.300,,,64.00,4.00,18.100,18.900,,,,,,,,,,,,,,,,,,,,,,,,,,,,,,,,,,,,,,,,,,,,,,,,,,,,,,,,,,,,,,,,,,,,
227150,227150,0.500000,Transmission,MiniPAT,00:00:00 29-Aug-2023,,6.00,2,,,, ,3,,40.00,4.00,18.300,19.100,,,48.00,4.00,18.300,19.100,,,72.00,4.00,18.500,18.900,,,,,,,,,,,,,,,,,,,,,,,,,,,,,,,,,,,,,,,,,,,,,,,,,,,,,,,,,,,,,,,,,,,,,,,,,,
227150,227150,0.500000,Transmission,MiniPAT,00:00:00 30-Aug-2023,,6.00,2,,,, ,3,,48.00,4.00,18.500,18.900,,,56.00,4.00,18.500,18.900,,,80.00,4.00,18.500,18.700,,,,,,,,,,,,,,,,,,,,,,,,,,,,,,,,,,,,,,,,,,,,,,,,,,,,,,,,,,,,,,,,,,,,,,,,,,
227150,227150,0.500000,Transmission,MiniPAT,00:00:00 02-Sep-2023,,7.00,2,,,, ,4,,24.00,4.00,18.500,18.700,,,40.00,4.00,18.500,18.900,,,48.00,4.00,18.300,18.900,,,64.00,4.00,18.300,18.900,,,,,,,,,,,,,,,,,,,,,,,,,,,,,,,,,,,,,,,,,,,,,,,,,,,,,,,,,,,,,,,,,,,,
227150,227150,0.500000,Transmission,MiniPAT,00:00:00 03-Sep-2023,,7.00,2,,,, ,2,,48.00,4.00,18.500,18.900,,,64.00,4.00,18.300,18.900,,,,,,,,,,,,,,,,,,,,,,,,,,,,,,,,,,,,,,,,,,,,,,,,,,,,,,,,,,,,,,,,,,,,,,,,,,,,,,,,
227150,227150,0.500000,Transmission,MiniPAT,00:00:00 04-Sep-2023,,7.00,4,,,, ,3,,40.00,4.00,18.500,18.900,,,48.00,4.00,18.500,18.900,,,72.00,4.00,18.500,18.900,,,,,,,,,,,,,,,,,,,,,,,,,,,,,,,,,,,,,,,,,,,,,,,,,,,,,,,,,,,,,,,,,,,,,,,,,,
227150,227150,0.500000,Transmission,MiniPAT,00:00:00 05-Sep-2023,,7.00,2,,,, ,5,,16.00,4.00,18.700,18.900,,,32.00,4.00,18.700,18.900,,,40.00,4.00,18.500,18.900,,,56.00,4.00,18.500,18.900,,,72.00,4.00,18.700,18.900,,,,,,,,,,,,,,,,,,,,,,,,,,,,,,,,,,,,,,,,,,,,,,,,,,,,,,,,,,,,,,
227150,227150,0.500000,Transmission,MiniPAT,00:00:00 06-Sep-2023,,7.00,2,,,, ,3,,40.00,4.00,18.700,18.900,,,48.00,4.00,18.700,19.100,,,72.00,4.00,18.700,18.900,,,,,,,,,,,,,,,,,,,,,,,,,,,,,,,,,,,,,,,,,,,,,,,,,,,,,,,,,,,,,,,,,,,,,,,,,,
227150,227150,0.500000,Transmission,MiniPAT,00:00:00 07-Sep-2023,,7.00,3,,,, ,4,,24.00,4.00,18.700,18.900,,,40.00,4.00,18.500,18.900,,,48.00,4.00,18.500,19.100,,,72.00,4.00,18.700,18.900,,,,,,,,,,,,,,,,,,,,,,,,,,,,,,,,,,,,,,,,,,,,,,,,,,,,,,,,,,,,,,,,,,,,
227150,227150,0.500000,Transmission,MiniPAT,00:00:00 09-Sep-2023,,7.00,1,,,, ,4,,16.00,4.00,18.700,18.900,,,32.00,4.00,18.500,18.900,,,48.00,4.00,18.100,18.900,,,64.00,4.00,18.100,18.900,,,,,,,,,,,,,,,,,,,,,,,,,,,,,,,,,,,,,,,,,,,,,,,,,,,,,,,,,,,,,,,,,,,,
227150,227150,0.500000,Transmission,MiniPAT,00:00:00 10-Sep-2023,,7.00,1,,,, ,4,,32.00,4.00,18.700,18.900,,,48.00,4.00,18.300,18.900,,,56.00,4.00,18.300,18.900,,,72.00,4.00,18.300,18.900,,,,,,,,,,,,,,,,,,,,,,,,,,,,,,,,,,,,,,,,,,,,,,,,,,,,,,,,,,,,,,,,,,,,
227150,227150,0.500000,Transmission,MiniPAT,00:00:00 11-Sep-2023,,7.00,2,,,, ,3,,40.00,4.00,18.700,18.900,,,48.00,4.00,18.500,18.900,,,64.00,4.00,18.500,18.900,,,,,,,,,,,,,,,,,,,,,,,,,,,,,,,,,,,,,,,,,,,,,,,,,,,,,,,,,,,,,,,,,,,,,,,,,,
227150,227150,0.500000,Transmission,MiniPAT,00:00:00 12-Sep-2023,,7.00,3,,,, ,3,,48.00,4.00,18.500,18.900,,,56.00,4.00,18.500,18.900,,,72.00,4.00,18.500,18.700,,,,,,,,,,,,,,,,,,,,,,,,,,,,,,,,,,,,,,,,,,,,,,,,,,,,,,,,,,,,,,,,,,,,,,,,,,
227150,227150,0.500000,Transmission,MiniPAT,00:00:00 13-Sep-2023,,7.00,4,,,, ,2,,48.00,4.00,18.500,18.900,,,64.00,4.00,18.500,18.900,,,,,,,,,,,,,,,,,,,,,,,,,,,,,,,,,,,,,,,,,,,,,,,,,,,,,,,,,,,,,,,,,,,,,,,,,,,,,,,,
227150,227150,0.500000,Transmission,MiniPAT,00:00:00 14-Sep-2023,,7.00,4,,,, ,3,,48.00,4.00,18.500,18.900,,,56.00,4.00,18.500,18.900,,,72.00,4.00,18.500,18.700,,,,,,,,,,,,,,,,,,,,,,,,,,,,,,,,,,,,,,,,,,,,,,,,,,,,,,,,,,,,,,,,,,,,,,,,,,
227150,227150,0.500000,Transmission,MiniPAT,00:00:00 15-Sep-2023,,7.00,4,,,, ,3,,40.00,4.00,18.500,18.900,,,48.00,4.00,18.300,18.900,,,72.00,4.00,18.300,18.900,,,,,,,,,,,,,,,,,,,,,,,,,,,,,,,,,,,,,,,,,,,,,,,,,,,,,,,,,,,,,,,,,,,,,,,,,,
227150,227150,0.500000,Transmission,MiniPAT,00:00:00 16-Sep-2023,,7.00,2,,,, ,5,,24.00,4.00,18.700,18.900,,,40.00,4.00,18.700,18.900,,,48.00,4.00,18.300,18.900,,,64.00,4.00,18.100,18.900,,,88.00,4.00,18.300,18.700,,,,,,,,,,,,,,,,,,,,,,,,,,,,,,,,,,,,,,,,,,,,,,,,,,,,,,,,,,,,,,
227150,227150,0.500000,Transmission,MiniPAT,00:00:00 17-Sep-2023,,7.00,3,,,, ,4,,24.00,4.00,18.500,18.900,,,40.00,4.00,18.500,18.900,,,48.00,4.00,18.300,18.900,,,72.00,4.00,18.300,18.700,,,,,,,,,,,,,,,,,,,,,,,,,,,,,,,,,,,,,,,,,,,,,,,,,,,,,,,,,,,,,,,,,,,,
227150,227150,0.500000,Transmission,MiniPAT,00:00:00 18-Sep-2023,,7.00,2,,,, ,6,,32.00,4.00,18.300,18.700,,,48.00,4.00,18.100,18.900,,,56.00,4.00,18.100,18.900,,,72.00,4.00,18.100,18.500,,,88.00,4.00,18.100,18.500,,,104.00,4.00,18.100,18.300,,,,,,,,,,,,,,,,,,,,,,,,,,,,,,,,,,,,,,,,,,,,,,,,,,,,,,,,
227150,227150,0.500000,Transmission,MiniPAT,00:00:00 19-Sep-2023,,7.00,2,,,, ,5,,16.00,4.00,18.500,18.900,,,32.00,4.00,18.500,18.900,,,48.00,4.00,18.100,18.900,,,56.00,4.00,18.100,18.900,,,80.00,4.00,18.100,18.500,,,,,,,,,,,,,,,,,,,,,,,,,,,,,,,,,,,,,,,,,,,,,,,,,,,,,,,,,,,,,,
227150,227150,0.500000,Transmission,MiniPAT,00:00:00 20-Sep-2023,,7.00,2,,,, ,4,,16.00,4.00,18.900,19.100,,,32.00,4.00,18.500,19.100,,,40.00,4.00,18.500,19.100,,,64.00,4.00,18.100,18.900,,,,,,,,,,,,,,,,,,,,,,,,,,,,,,,,,,,,,,,,,,,,,,,,,,,,,,,,,,,,,,,,,,,,
227150,227150,0.500000,Transmission,MiniPAT,00:00:00 21-Sep-2023,,7.00,1,,,, ,5,,0.00,4.00,19.700,20.100,,,16.00,4.00,19.500,20.100,,,32.00,4.00,18.500,20.100,,,40.00,4.00,18.500,20.100,,,56.00,4.00,18.900,19.900,,,,,,,,,,,,,,,,,,,,,,,,,,,,,,,,,,,,,,,,,,,,,,,,,,,,,,,,,,,,,,
227150,227150,0.500000,Transmission,MiniPAT,00:00:00 22-Sep-2023,,7.00,3,,,, ,4,,24.00,4.00,19.100,19.500,,,32.00,4.00,18.500,19.500,,,48.00,4.00,18.300,19.500,,,72.00,4.00,18.500,18.700,,,,,,,,,,,,,,,,,,,,,,,,,,,,,,,,,,,,,,,,,,,,,,,,,,,,,,,,,,,,,,,,,,,,
227150,227150,0.500000,Transmission,MiniPAT,00:00:00 23-Sep-2023,,7.00,1,,,, ,4,,24.00,4.00,19.300,19.500,,,32.00,4.00,19.100,19.900,,,48.00,4.00,18.500,19.900,,,64.00,4.00,18.300,18.900,,,,,,,,,,,,,,,,,,,,,,,,,,,,,,,,,,,,,,,,,,,,,,,,,,,,,,,,,,,,,,,,,,,,
227150,227150,0.500000,Transmission,MiniPAT,00:00:00 24-Sep-2023,,7.00,2,,,, ,3,,24.00,4.00,19.100,19.900,,,32.00,4.00,19.100,19.900,,,48.00,4.00,18.900,19.900,,,,,,,,,,,,,,,,,,,,,,,,,,,,,,,,,,,,,,,,,,,,,,,,,,,,,,,,,,,,,,,,,,,,,,,,,,
227150,227150,0.500000,Transmission,MiniPAT,00:00:00 25-Sep-2023,,7.00,3,,,, ,3,,24.00,4.00,19.100,20.100,,,32.00,4.00,19.100,19.900,,,48.00,4.00,19.500,19.900,,,,,,,,,,,,,,,,,,,,,,,,,,,,,,,,,,,,,,,,,,,,,,,,,,,,,,,,,,,,,,,,,,,,,,,,,,
227150,227150,0.500000,Transmission,MiniPAT,00:00:00 26-Sep-2023,,7.00,4,,,, ,3,,32.00,4.00,18.900,19.900,,,40.00,4.00,18.900,19.900,,,56.00,4.00,18.500,19.700,,,,,,,,,,,,,,,,,,,,,,,,,,,,,,,,,,,,,,,,,,,,,,,,,,,,,,,,,,,,,,,,,,,,,,,,,,
227150,227150,0.500000,Transmission,MiniPAT,00:00:00 27-Sep-2023,,7.00,4,,,, ,3,,32.00,4.00,19.100,19.700,,,40.00,4.00,19.100,19.700,,,56.00,4.00,19.300,19.500,,,,,,,,,,,,,,,,,,,,,,,,,,,,,,,,,,,,,,,,,,,,,,,,,,,,,,,,,,,,,,,,,,,,,,,,,,
227150,227150,0.500000,Transmission,MiniPAT,00:00:00 28-Sep-2023,,7.00,4,,,, ,3,,32.00,4.00,19.300,19.900,,,40.00,4.00,19.100,20.100,,,56.00,4.00,19.500,19.700,,,,,,,,,,,,,,,,,,,,,,,,,,,,,,,,,,,,,,,,,,,,,,,,,,,,,,,,,,,,,,,,,,,,,,,,,,
227150,227150,0.500000,Transmission,MiniPAT,00:00:00 29-Sep-2023,,7.00,4,,,, ,3,,16.00,4.00,19.100,19.300,,,32.00,4.00,18.900,19.900,,,48.00,4.00,18.500,19.900,,,,,,,,,,,,,,,,,,,,,,,,,,,,,,,,,,,,,,,,,,,,,,,,,,,,,,,,,,,,,,,,,,,,,,,,,,
227150,227150,0.500000,Transmission,MiniPAT,00:00:00 01-Oct-2023,,7.00,1,,,, ,5,,24.00,4.00,19.100,19.500,,,40.00,4.00,17.900,19.100,,,48.00,4.00,17.900,19.100,,,64.00,4.00,17.900,18.500,,,80.00,4.00,17.900,18.300,,,,,,,,,,,,,,,,,,,,,,,,,,,,,,,,,,,,,,,,,,,,,,,,,,,,,,,,,,,,,,
227150,227150,0.500000,Transmission,MiniPAT,00:00:00 02-Oct-2023,,7.00,1,,,, ,4,,24.00,4.00,18.900,19.100,,,40.00,4.00,18.100,18.700,,,48.00,4.00,17.900,18.700,,,72.00,4.00,18.100,18.300,,,,,,,,,,,,,,,,,,,,,,,,,,,,,,,,,,,,,,,,,,,,,,,,,,,,,,,,,,,,,,,,,,,,
227150,227150,0.500000,Transmission,MiniPAT,00:00:00 05-Oct-2023,,7.00,1,,,, ,4,,24.00,4.00,18.900,19.100,,,40.00,4.00,18.100,19.900,,,48.00,4.00,18.100,19.900,,,72.00,4.00,18.300,18.500,,,,,,,,,,,,,,,,,,,,,,,,,,,,,,,,,,,,,,,,,,,,,,,,,,,,,,,,,,,,,,,,,,,,
227150,227150,0.500000,Transmission,MiniPAT,00:00:00 06-Oct-2023,,7.00,5,,,, ,4,,16.00,4.00,19.100,19.700,,,24.00,4.00,18.500,19.500,,,48.00,4.00,18.100,18.700,,,64.00,4.00,17.900,18.500,,,,,,,,,,,,,,,,,,,,,,,,,,,,,,,,,,,,,,,,,,,,,,,,,,,,,,,,,,,,,,,,,,,,
227150,227150,0.500000,Transmission,MiniPAT,00:00:00 07-Oct-2023,,7.00,3,,,, ,4,,24.00,4.00,18.300,18.500,,,40.00,4.00,17.900,18.900,,,48.00,4.00,17.900,18.900,,,72.00,4.00,17.900,18.100,,,,,,,,,,,,,,,,,,,,,,,,,,,,,,,,,,,,,,,,,,,,,,,,,,,,,,,,,,,,,,,,,,,,
227150,227150,0.500000,Transmission,MiniPAT,00:00:00 08-Oct-2023,,7.00,4,,,, ,4,,24.00,4.00,18.300,18.700,,,40.00,4.00,17.900,18.700,,,48.00,4.00,17.900,18.700,,,72.00,4.00,17.900,18.100,,,,,,,,,,,,,,,,,,,,,,,,,,,,,,,,,,,,,,,,,,,,,,,,,,,,,,,,,,,,,,,,,,,,
227150,227150,0.500000,Transmission,MiniPAT,00:00:00 09-Oct-2023,,7.00,4,,,, ,8,,8.00,4.00,18.500,18.700,,,24.00,4.00,18.100,18.900,,,40.00,4.00,17.900,18.700,,,48.00,4.00,17.900,18.700,,,72.00,4.00,17.900,18.300,,,88.00,4.00,17.700,18.100,,,104.00,4.00,17.700,18.100,,,128.00,4.00,17.700,17.900,,,,,,,,,,,,,,,,,,,,,,,,,,,,,,,,,,,,,,,,,,,,
227150,227150,0.500000,Transmission,MiniPAT,00:00:00 10-Oct-2023,,7.00,3,,,, ,8,,8.00,4.00,18.900,19.100,,,24.00,4.00,18.500,18.900,,,32.00,4.00,18.300,18.900,,,48.00,4.00,17.900,18.700,,,64.00,4.00,17.900,18.700,,,80.00,4.00,17.700,18.700,,,96.00,4.00,17.500,18.700,,,120.00,4.00,17.700,18.100,,,,,,,,,,,,,,,,,,,,,,,,,,,,,,,,,,,,,,,,,,,,
227150,227150,0.500000,Transmission,MiniPAT,00:00:00 11-Oct-2023,,8.00,2,,,, ,8,,16.00,4.00,18.500,18.900,,,32.00,4.00,18.100,19.100,,,40.00,4.00,17.900,19.100,,,56.00,4.00,17.900,19.100,,,72.00,4.00,17.700,19.100,,,88.00,4.00,17.700,18.500,,,104.00,4.00,17.900,18.500,,,120.00,4.00,17.900,18.100,,,,,,,,,,,,,,,,,,,,,,,,,,,,,,,,,,,,,,,,,,,,
227150,227150,0.500000,Transmission,MiniPAT,00:00:00 16-Oct-2023,,8.00,3,,,, ,4,,32.00,4.00,18.500,19.300,,,40.00,4.00,18.500,19.300,,,56.00,4.00,18.300,19.300,,,80.00,4.00,18.700,18.900,,,,,,,,,,,,,,,,,,,,,,,,,,,,,,,,,,,,,,,,,,,,,,,,,,,,,,,,,,,,,,,,,,,,
227150,227150,0.500000,Transmission,MiniPAT,00:00:00 17-Oct-2023,,8.00,1,,,, ,5,,32.00,4.00,18.500,19.300,,,40.00,4.00,18.300,19.300,,,56.00,4.00,18.100,19.300,,,72.00,4.00,18.100,18.900,,,96.00,4.00,17.900,18.100,,,,,,,,,,,,,,,,,,,,,,,,,,,,,,,,,,,,,,,,,,,,,,,,,,,,,,,,,,,,,,
227150,227150,0.500000,Transmission,MiniPAT,00:00:00 19-Oct-2023,,8.00,1,,,, ,5,,24.00,4.00,20.100,20.300,,,32.00,4.00,18.900,20.500,,,48.00,4.00,18.500,20.500,,,64.00,4.00,18.300,20.500,,,80.00,4.00,18.700,18.900,,,,,,,,,,,,,,,,,,,,,,,,,,,,,,,,,,,,,,,,,,,,,,,,,,,,,,,,,,,,,,
227150,227150,0.500000,Transmission,MiniPAT,00:00:00 20-Oct-2023,,8.00,3,,,, ,6,,8.00,4.00,20.300,20.500,,,24.00,4.00,20.100,20.500,,,32.00,4.00,18.700,20.500,,,48.00,4.00,18.500,20.500,,,64.00,4.00,18.500,20.500,,,88.00,4.00,18.700,19.100,,,,,,,,,,,,,,,,,,,,,,,,,,,,,,,,,,,,,,,,,,,,,,,,,,,,,,,,
227150,227150,0.500000,Transmission,MiniPAT,00:00:00 21-Oct-2023,,8.00,6,,,, ,6,,16.00,4.00,20.300,20.500,,,32.00,4.00,19.900,20.700,,,40.00,4.00,19.900,20.700,,,56.00,4.00,19.500,20.500,,,72.00,4.00,18.500,20.300,,,96.00,4.00,18.300,19.300,,,,,,,,,,,,,,,,,,,,,,,,,,,,,,,,,,,,,,,,,,,,,,,,,,,,,,,,
227150,227150,0.500000,Transmission,MiniPAT,00:00:00 22-Oct-2023,,8.00,4,,,, ,7,,8.00,4.00,20.500,20.700,,,24.00,4.00,20.100,20.700,,,32.00,4.00,20.100,20.500,,,48.00,4.00,19.500,20.500,,,64.00,4.00,18.500,20.300,,,80.00,4.00,18.500,19.500,,,104.00,4.00,18.700,18.900,,,,,,,,,,,,,,,,,,,,,,,,,,,,,,,,,,,,,,,,,,,,,,,,,,
227150,227150,0.500000,Transmission,MiniPAT,00:00:00 23-Oct-2023,,8.00,2,,,, ,5,,32.00,4.00,19.700,20.500,,,40.00,4.00,19.100,20.500,,,56.00,4.00,18.700,20.300,,,72.00,4.00,18.500,19.700,,,96.00,4.00,18.500,19.100,,,,,,,,,,,,,,,,,,,,,,,,,,,,,,,,,,,,,,,,,,,,,,,,,,,,,,,,,,,,,,
227150,227150,0.500000,Transmission,MiniPAT,00:00:00 24-Oct-2023,,8.00,3,,,, ,6,,16.00,4.00,20.300,20.500,,,32.00,4.00,19.900,20.500,,,40.00,4.00,19.700,20.500,,,56.00,4.00,18.900,20.300,,,72.00,4.00,18.900,20.100,,,96.00,4.00,18.900,19.300,,,,,,,,,,,,,,,,,,,,,,,,,,,,,,,,,,,,,,,,,,,,,,,,,,,,,,,,
227150,227150,0.500000,Transmission,MiniPAT,00:00:00 25-Oct-2023,,8.00,4,,,, ,6,,24.00,4.00,20.900,21.100,,,32.00,4.00,20.500,21.300,,,48.00,4.00,19.900,21.100,,,64.00,4.00,19.300,20.700,,,80.00,4.00,19.100,20.300,,,96.00,4.00,19.100,19.700,,,,,,,,,,,,,,,,,,,,,,,,,,,,,,,,,,,,,,,,,,,,,,,,,,,,,,,,
227150,227150,0.500000,Transmission,MiniPAT,00:00:00 26-Oct-2023,,8.00,1,,,, ,6,,8.00,4.00,21.100,21.300,,,24.00,4.00,20.700,21.300,,,32.00,4.00,20.500,21.300,,,48.00,4.00,20.100,21.300,,,64.00,4.00,19.700,20.900,,,80.00,4.00,20.300,20.500,,,,,,,,,,,,,,,,,,,,,,,,,,,,,,,,,,,,,,,,,,,,,,,,,,,,,,,,
227150,227150,0.500000,Transmission,MiniPAT,00:00:00 27-Oct-2023,,8.00,1,,,, ,6,,8.00,4.00,20.300,20.500,,,24.00,4.00,19.500,20.900,,,32.00,4.00,18.700,20.900,,,48.00,4.00,18.500,20.900,,,64.00,4.00,18.300,20.700,,,80.00,4.00,18.300,19.100,,,,,,,,,,,,,,,,,,,,,,,,,,,,,,,,,,,,,,,,,,,,,,,,,,,,,,,,
227150,227150,0.500000,Transmission,MiniPAT,00:00:00 28-Oct-2023,,8.00,2,,,, ,6,,8.00,4.00,20.100,20.500,,,24.00,4.00,19.300,20.500,,,32.00,4.00,18.500,20.500,,,48.00,4.00,18.100,20.500,,,64.00,4.00,17.900,20.500,,,80.00,4.00,17.900,19.100,,,,,,,,,,,,,,,,,,,,,,,,,,,,,,,,,,,,,,,,,,,,,,,,,,,,,,,,
227150,227150,0.500000,Transmission,MiniPAT,00:00:00 29-Oct-2023,,8.00,3,,,, ,6,,0.00,4.00,19.500,20.500,,,16.00,4.00,19.500,20.700,,,24.00,4.00,19.500,20.700,,,40.00,4.00,18.900,20.500,,,56.00,4.00,17.900,20.300,,,80.00,4.00,17.900,18.900,,,,,,,,,,,,,,,,,,,,,,,,,,,,,,,,,,,,,,,,,,,,,,,,,,,,,,,,
227150,227150,0.500000,Transmission,MiniPAT,00:00:00 30-Oct-2023,,8.00,2,,,, ,6,,8.00,4.00,20.900,21.100,,,16.00,4.00,20.900,21.100,,,32.00,4.00,20.100,21.100,,,48.00,4.00,19.300,21.100,,,64.00,4.00,18.900,20.900,,,80.00,4.00,19.700,19.900,,,,,,,,,,,,,,,,,,,,,,,,,,,,,,,,,,,,,,,,,,,,,,,,,,,,,,,,
227150,227150,0.500000,Transmission,MiniPAT,00:00:00 31-Oct-2023,,8.00,1,,,, ,5,,16.00,4.00,20.700,20.900,,,24.00,4.00,20.300,21.100,,,40.00,4.00,19.700,20.900,,,56.00,4.00,19.100,20.900,,,80.00,4.00,19.500,20.300,,,,,,,,,,,,,,,,,,,,,,,,,,,,,,,,,,,,,,,,,,,,,,,,,,,,,,,,,,,,,,
227150,227150,0.500000,Transmission,MiniPAT,00:00:00 01-Nov-2023,,8.00,1,,,, ,6,,8.00,4.00,20.300,20.500,,,24.00,4.00,20.300,20.900,,,32.00,4.00,20.300,20.900,,,48.00,4.00,19.100,20.900,,,64.00,4.00,19.100,20.900,,,80.00,4.00,19.300,20.500,,,,,,,,,,,,,,,,,,,,,,,,,,,,,,,,,,,,,,,,,,,,,,,,,,,,,,,,
227150,227150,0.500000,Transmission,MiniPAT,00:00:00 02-Nov-2023,,8.00,3,,,, ,5,,24.00,4.00,19.500,20.500,,,32.00,4.00,19.100,20.500,,,48.00,4.00,18.100,20.500,,,64.00,4.00,17.900,20.500,,,80.00,4.00,17.700,19.900,,,,,,,,,,,,,,,,,,,,,,,,,,,,,,,,,,,,,,,,,,,,,,,,,,,,,,,,,,,,,,
227150,227150,0.500000,Transmission,MiniPAT,00:00:00 03-Nov-2023,,8.00,2,,,, ,7,,0.00,4.00,20.300,20.500,,,16.00,4.00,20.100,20.900,,,24.00,4.00,19.900,20.900,,,40.00,4.00,19.300,20.900,,,56.00,4.00,18.900,20.700,,,72.00,4.00,18.100,20.500,,,88.00,4.00,17.900,18.300,,,,,,,,,,,,,,,,,,,,,,,,,,,,,,,,,,,,,,,,,,,,,,,,,,
227150,227150,0.500000,Transmission,MiniPAT,00:00:00 04-Nov-2023,,8.00,1,,,, ,5,,16.00,4.00,20.700,21.100,,,24.00,4.00,20.500,21.100,,,40.00,4.00,19.900,20.900,,,56.00,4.00,18.700,20.700,,,80.00,4.00,19.300,20.500,,,,,,,,,,,,,,,,,,,,,,,,,,,,,,,,,,,,,,,,,,,,,,,,,,,,,,,,,,,,,,
227150,227150,0.500000,Transmission,MiniPAT,00:00:00 05-Nov-2023,,8.00,2,,,, ,5,,16.00,4.00,20.300,21.100,,,24.00,4.00,19.500,20.900,,,40.00,4.00,19.300,20.900,,,56.00,4.00,18.500,20.900,,,80.00,4.00,19.100,19.500,,,,,,,,,,,,,,,,,,,,,,,,,,,,,,,,,,,,,,,,,,,,,,,,,,,,,,,,,,,,,,
227150,227150,0.500000,Transmission,MiniPAT,00:00:00 06-Nov-2023,,8.00,2,,,, ,6,,8.00,4.00,20.700,20.900,,,24.00,4.00,20.500,20.900,,,32.00,4.00,19.700,20.900,,,48.00,4.00,19.100,20.900,,,64.00,4.00,18.900,20.900,,,88.00,4.00,18.500,19.100,,,,,,,,,,,,,,,,,,,,,,,,,,,,,,,,,,,,,,,,,,,,,,,,,,,,,,,,
227150,227150,0.500000,Transmission,MiniPAT,00:00:00 07-Nov-2023,,8.00,1,,,, ,5,,16.00,4.00,20.700,20.900,,,24.00,4.00,19.700,20.700,,,40.00,4.00,19.500,20.700,,,56.00,4.00,18.500,20.700,,,80.00,4.00,19.700,20.100,,,,,,,,,,,,,,,,,,,,,,,,,,,,,,,,,,,,,,,,,,,,,,,,,,,,,,,,,,,,,,
227150,227150,0.500000,Transmission,MiniPAT,00:00:00 08-Nov-2023,,8.00,3,,,, ,5,,16.00,4.00,20.500,20.700,,,24.00,4.00,20.100,21.300,,,40.00,4.00,18.700,21.300,,,56.00,4.00,17.900,21.300,,,80.00,4.00,18.900,19.300,,,,,,,,,,,,,,,,,,,,,,,,,,,,,,,,,,,,,,,,,,,,,,,,,,,,,,,,,,,,,,
227150,227150,0.500000,Transmission,MiniPAT,00:00:00 09-Nov-2023,,8.00,1,,,, ,5,,16.00,4.00,21.300,21.500,,,24.00,4.00,21.100,21.500,,,40.00,4.00,20.100,21.500,,,56.00,4.00,19.500,21.500,,,80.00,4.00,20.300,20.700,,,,,,,,,,,,,,,,,,,,,,,,,,,,,,,,,,,,,,,,,,,,,,,,,,,,,,,,,,,,,,
227150,227150,0.500000,Transmission,MiniPAT,00:00:00 10-Nov-2023,,8.00,2,,,, ,7,,8.00,4.00,21.300,21.500,,,24.00,4.00,20.900,21.500,,,32.00,4.00,20.300,21.500,,,48.00,4.00,19.300,21.500,,,64.00,4.00,19.100,21.500,,,80.00,4.00,19.700,20.900,,,96.00,4.00,20.300,20.500,,,,,,,,,,,,,,,,,,,,,,,,,,,,,,,,,,,,,,,,,,,,,,,,,,
227150,227150,0.500000,Transmission,MiniPAT,00:00:00 11-Nov-2023,,8.00,1,,,, ,5,,16.00,4.00,21.300,21.500,,,24.00,4.00,21.100,21.500,,,40.00,4.00,20.500,21.500,,,56.00,4.00,19.900,21.500,,,80.00,4.00,19.900,21.300,,,,,,,,,,,,,,,,,,,,,,,,,,,,,,,,,,,,,,,,,,,,,,,,,,,,,,,,,,,,,,
227150,227150,0.500000,Transmission,MiniPAT,00:00:00 12-Nov-2023,,8.00,2,,,, ,6,,8.00,4.00,21.300,21.500,,,24.00,4.00,21.100,21.500,,,32.00,4.00,20.300,21.500,,,48.00,4.00,19.900,21.500,,,64.00,4.00,19.700,21.500,,,88.00,4.00,21.100,21.300,,,,,,,,,,,,,,,,,,,,,,,,,,,,,,,,,,,,,,,,,,,,,,,,,,,,,,,,
227150,227150,0.500000,Transmission,MiniPAT,00:00:00 13-Nov-2023,,8.00,3,,,, ,6,,8.00,4.00,21.300,21.500,,,24.00,4.00,20.100,21.500,,,32.00,4.00,19.900,21.500,,,48.00,4.00,19.300,21.500,,,64.00,4.00,19.300,21.300,,,80.00,4.00,19.300,20.900,,,,,,,,,,,,,,,,,,,,,,,,,,,,,,,,,,,,,,,,,,,,,,,,,,,,,,,,
227150,227150,0.500000,Transmission,MiniPAT,00:00:00 14-Nov-2023,,8.00,5,,,, ,6,,8.00,4.00,20.900,21.500,,,24.00,4.00,20.300,21.500,,,32.00,4.00,19.100,21.300,,,48.00,4.00,18.300,21.300,,,64.00,4.00,17.700,21.300,,,80.00,4.00,17.700,20.500,,,,,,,,,,,,,,,,,,,,,,,,,,,,,,,,,,,,,,,,,,,,,,,,,,,,,,,,
227150,227150,0.500000,Transmission,MiniPAT,00:00:00 15-Nov-2023,,8.00,4,,,, ,7,,8.00,4.00,20.500,21.500,,,16.00,4.00,20.300,21.300,,,32.00,4.00,18.100,21.100,,,48.00,4.00,17.500,19.900,,,64.00,4.00,17.300,18.700,,,80.00,4.00,17.300,18.500,,,96.00,4.00,17.500,17.700,,,,,,,,,,,,,,,,,,,,,,,,,,,,,,,,,,,,,,,,,,,,,,,,,,
227150,227150,0.500000,Transmission,MiniPAT,00:00:00 16-Nov-2023,,8.00,4,,,, ,6,,8.00,4.00,21.300,21.500,,,16.00,4.00,20.300,21.500,,,32.00,4.00,18.500,21.500,,,48.00,4.00,17.500,20.900,,,64.00,4.00,17.300,19.700,,,80.00,4.00,17.500,18.700,,,,,,,,,,,,,,,,,,,,,,,,,,,,,,,,,,,,,,,,,,,,,,,,,,,,,,,,
227150,227150,0.500000,Transmission,MiniPAT,00:00:00 17-Nov-2023,,8.00,1,,,, ,5,,24.00,4.00,19.900,21.100,,,32.00,4.00,18.900,21.500,,,48.00,4.00,18.500,21.500,,,64.00,4.00,18.300,21.100,,,80.00,4.00,18.700,20.300,,,,,,,,,,,,,,,,,,,,,,,,,,,,,,,,,,,,,,,,,,,,,,,,,,,,,,,,,,,,,,
227150,227150,0.500000,Transmission,MiniPAT,00:00:00 19-Nov-2023,,8.00,1,,,, ,7,,8.00,4.00,19.500,20.500,,,24.00,4.00,18.900,20.300,,,32.00,4.00,18.500,20.300,,,48.00,4.00,17.700,19.700,,,64.00,4.00,17.100,19.500,,,80.00,4.00,17.100,18.900,,,96.00,4.00,17.900,18.100,,,,,,,,,,,,,,,,,,,,,,,,,,,,,,,,,,,,,,,,,,,,,,,,,,
227150,227150,0.500000,Transmission,MiniPAT,00:00:00 21-Nov-2023,,9.00,1,,,, ,6,,8.00,4.00,20.300,20.500,,,24.00,4.00,19.100,20.300,,,32.00,4.00,18.500,20.300,,,48.00,4.00,17.500,20.100,,,64.00,4.00,17.100,18.900,,,88.00,4.00,17.500,17.900,,,,,,,,,,,,,,,,,,,,,,,,,,,,,,,,,,,,,,,,,,,,,,,,,,,,,,,,
227150,227150,0.500000,Transmission,MiniPAT,00:00:00 22-Nov-2023,,9.00,1,,,, ,8,,24.00,4.00,19.500,19.700,,,32.00,4.00,18.300,19.900,,,56.00,4.00,17.300,18.900,,,80.00,4.00,16.900,18.500,,,104.00,4.00,16.900,18.300,,,120.00,4.00,16.900,18.300,,,144.00,4.00,16.700,17.300,,,176.00,4.00,15.900,16.300,,,,,,,,,,,,,,,,,,,,,,,,,,,,,,,,,,,,,,,,,,,,
227150,227150,0.500000,Transmission,MiniPAT,00:00:00 23-Nov-2023,,9.00,2,,,, ,6,,16.00,4.00,20.500,21.300,,,32.00,4.00,19.300,20.700,,,40.00,4.00,18.500,20.700,,,56.00,4.00,17.900,20.700,,,72.00,4.00,17.100,19.900,,,96.00,4.00,18.300,18.900,,,,,,,,,,,,,,,,,,,,,,,,,,,,,,,,,,,,,,,,,,,,,,,,,,,,,,,,
227150,227150,0.500000,Transmission,MiniPAT,00:00:00 24-Nov-2023,,9.00,1,,,, ,6,,16.00,4.00,21.100,21.300,,,24.00,4.00,19.100,21.300,,,40.00,4.00,17.700,20.900,,,56.00,4.00,17.100,20.500,,,72.00,4.00,16.900,19.300,,,88.00,4.00,17.900,18.300,,,,,,,,,,,,,,,,,,,,,,,,,,,,,,,,,,,,,,,,,,,,,,,,,,,,,,,,
227150,227150,0.500000,Transmission,MiniPAT,00:00:00 25-Nov-2023,,9.00,1,,,, ,5,,24.00,4.00,19.700,20.700,,,32.00,4.00,18.900,20.700,,,48.00,4.00,17.300,20.300,,,64.00,4.00,16.700,19.500,,,88.00,4.00,16.900,17.900,,,,,,,,,,,,,,,,,,,,,,,,,,,,,,,,,,,,,,,,,,,,,,,,,,,,,,,,,,,,,,
227150,227150,0.500000,Transmission,MiniPAT,00:00:00 26-Nov-2023,,9.00,1,,,, ,6,,16.00,4.00,20.500,20.700,,,32.00,4.00,19.700,20.300,,,48.00,4.00,18.500,20.900,,,56.00,4.00,17.700,20.900,,,72.00,4.00,16.900,20.500,,,88.00,4.00,17.700,18.700,,,,,,,,,,,,,,,,,,,,,,,,,,,,,,,,,,,,,,,,,,,,,,,,,,,,,,,,
227150,227150,0.500000,Transmission,MiniPAT,00:00:00 28-Nov-2023,,9.00,2,,,, ,6,,16.00,4.00,21.500,21.700,,,32.00,4.00,20.100,21.700,,,40.00,4.00,18.300,21.700,,,56.00,4.00,17.700,21.300,,,72.00,4.00,17.700,20.300,,,96.00,4.00,17.500,17.900,,,,,,,,,,,,,,,,,,,,,,,,,,,,,,,,,,,,,,,,,,,,,,,,,,,,,,,,
227150,227150,0.500000,Transmission,MiniPAT,00:00:00 30-Nov-2023,,9.00,4,,,, ,7,,32.00,4.00,20.300,21.500,,,40.00,4.00,18.700,21.500,,,56.00,4.00,17.500,21.500,,,72.00,4.00,17.300,21.500,,,88.00,4.00,17.100,20.700,,,104.00,4.00,17.100,17.500,,,128.00,4.00,17.100,17.300,,,,,,,,,,,,,,,,,,,,,,,,,,,,,,,,,,,,,,,,,,,,,,,,,,
227150,227150,0.500000,Transmission,MiniPAT,00:00:00 01-Dec-2023,,9.00,4,,,, ,6,,32.00,4.00,21.100,21.500,,,40.00,4.00,19.100,21.500,,,56.00,4.00,17.700,21.500,,,72.00,4.00,17.300,21.500,,,88.00,4.00,17.300,20.500,,,104.00,4.00,17.300,17.500,,,,,,,,,,,,,,,,,,,,,,,,,,,,,,,,,,,,,,,,,,,,,,,,,,,,,,,,
227150,227150,0.500000,Transmission,MiniPAT,00:00:00 02-Dec-2023,,9.00,2,,,, ,8,,24.00,4.00,21.700,21.900,,,40.00,4.00,19.900,21.900,,,48.00,4.00,18.700,21.900,,,64.00,4.00,17.900,21.300,,,80.00,4.00,17.700,20.700,,,96.00,4.00,17.500,19.300,,,112.00,4.00,17.500,19.100,,,136.00,4.00,17.300,17.500,,,,,,,,,,,,,,,,,,,,,,,,,,,,,,,,,,,,,,,,,,,,
227150,227150,0.500000,Transmission,MiniPAT,00:00:00 03-Dec-2023,,9.00,1,,,, ,8,,24.00,4.00,21.700,22.300,,,32.00,4.00,21.300,22.300,,,56.00,4.00,19.100,21.700,,,88.00,4.00,17.900,20.700,,,112.00,4.00,17.500,18.900,,,160.00,4.00,17.100,17.500,,,168.00,4.00,17.100,17.500,,,200.00,4.00,17.100,17.300,,,,,,,,,,,,,,,,,,,,,,,,,,,,,,,,,,,,,,,,,,,,
227150,227150,0.500000,Transmission,MiniPAT,00:00:00 04-Dec-2023,,9.00,2,,,, ,8,,24.00,4.00,21.700,22.100,,,32.00,4.00,21.500,22.300,,,64.00,4.00,18.300,21.900,,,96.00,4.00,18.900,21.100,,,136.00,4.00,18.300,19.100,,,152.00,4.00,18.100,19.100,,,184.00,4.00,17.900,18.300,,,224.00,4.00,17.300,17.700,,,,,,,,,,,,,,,,,,,,,,,,,,,,,,,,,,,,,,,,,,,,
227150,227150,0.500000,Transmission,MiniPAT,00:00:00 05-Dec-2023,,9.00,1,,,, ,8,,40.00,4.00,21.100,22.500,,,48.00,4.00,20.700,22.300,,,80.00,4.00,18.900,21.500,,,104.00,4.00,18.300,20.100,,,136.00,4.00,17.900,19.100,,,160.00,4.00,17.700,18.900,,,184.00,4.00,17.700,18.100,,,224.00,4.00,17.300,17.500,,,,,,,,,,,,,,,,,,,,,,,,,,,,,,,,,,,,,,,,,,,,
227150,227150,0.500000,Transmission,MiniPAT,00:00:00 07-Dec-2023,,9.00,4,,,, ,5,,8.00,4.00,22.500,22.900,,,16.00,4.00,22.500,23.100,,,40.00,4.00,22.700,23.300,,,48.00,4.00,22.700,23.300,,,64.00,4.00,22.700,23.100,,,,,,,,,,,,,,,,,,,,,,,,,,,,,,,,,,,,,,,,,,,,,,,,,,,,,,,,,,,,,,
227150,227150,0.500000,Transmission,MiniPAT,00:00:00 08-Dec-2023,,9.00,4,,,, ,2,,48.00,4.00,22.500,23.700,,,56.00,4.00,23.100,23.700,,,,,,,,,,,,,,,,,,,,,,,,,,,,,,,,,,,,,,,,,,,,,,,,,,,,,,,,,,,,,,,,,,,,,,,,,,,,,,,,
227150,227150,0.500000,Transmission,MiniPAT,00:00:00 09-Dec-2023,,9.00,2,,,, ,2,,40.00,4.00,22.700,23.300,,,48.00,4.00,22.700,23.700,,,,,,,,,,,,,,,,,,,,,,,,,,,,,,,,,,,,,,,,,,,,,,,,,,,,,,,,,,,,,,,,,,,,,,,,,,,,,,,,
227150,227150,0.500000,Transmission,MiniPAT,00:00:00 10-Dec-2023,,9.00,1,,,, ,2,,40.00,4.00,22.900,23.300,,,48.00,4.00,23.100,23.700,,,,,,,,,,,,,,,,,,,,,,,,,,,,,,,,,,,,,,,,,,,,,,,,,,,,,,,,,,,,,,,,,,,,,,,,,,,,,,,,
